{"Mdust": {"median": 0.05965343527743168, "sigd": 0.011732197278293721, "sigup": 0.014788647051470608, "best": 0.06391298655152267, "unit": "Mearth"}, "rc": {"median": 184.18300465596963, "sigd": 20.692574082455167, "sigup": 19.631045287358518, "best": 208.07067644795515, "unit": "au"}, "Deltar": {"median": 260.5109067369462, "sigd": 37.8964025205849, "sigup": 44.141894965773474, "best": 237.1085141457542, "unit": "au"}, "i": {"median": 59.43494397594129, "sigd": 5.6252469523217385, "sigup": 4.110171037187769, "best": 62.57941798936029, "unit": "deg"}, "PA": {"median": 47.32635227983078, "sigd": 5.195082672474655, "sigup": 5.827939254294201, "best": 42.19188435580481, "unit": "deg"}, "fstar": {"median": 0.0791541126229288, "sigd": 0.03486817682465556, "sigup": 0.03602087547448214, "best": 0.10588719113631258, "unit": "mJy"}, "deltaRA-12m.obs1": {"median": 0.086393143471103, "sigd": 0.14392166750509552, "sigup": 0.12331292936937938, "best": 0.18468262364539897, "unit": "arcsec"}, "deltaDec-12m.obs1": {"median": 0.01363584120631018, "sigd": 0.1902776825499407, "sigup": 0.16986462544400757, "best": 0.012052592709692549, "unit": "arcsec"}, "deltaRA-12m.obs2": {"median": -0.25061797868110264, "sigd": 0.4313935949655571, "sigup": 0.3816695687628937, "best": -0.1299125981330234, "unit": "arcsec"}, "deltaDec-12m.obs2": {"median": 0.3492705273195877, "sigd": 0.24928929829332028, "sigup": 0.2264759034325397, "best": 0.36962092328384283, "unit": "arcsec"}, "deltaRA-12m.obs3": {"median": 0.09102650200849358, "sigd": 0.18363393248614557, "sigup": 0.19970261016223442, "best": 0.06372406098447508, "unit": "arcsec"}, "deltaDec-12m.obs3": {"median": 0.04577694485296261, "sigd": 0.2126836660205812, "sigup": 0.1724701848572468, "best": 0.10363894326172682, "unit": "arcsec"}, "deltaRA-12m.obs4": {"median": 0.2718707952120673, "sigd": 0.2001845747460618, "sigup": 0.24785260616245147, "best": 0.15578184323160432, "unit": "arcsec"}, "deltaDec-12m.obs4": {"median": -0.25317733758307304, "sigd": 0.26108093194779136, "sigup": 0.24819091698855297, "best": -0.20558716361027538, "unit": "arcsec"}, "deltaRA-ACA.obs1": {"median": 0.4118644038230765, "sigd": 0.2556714265199481, "sigup": 0.2695462363862509, "best": 0.338122216222, "unit": "arcsec"}, "deltaDec-ACA.obs1": {"median": -0.6419140015372331, "sigd": 0.26575805542095066, "sigup": 0.28265338183267835, "best": -0.37518588078615445, "unit": "arcsec"}, "deltaRA-ACA.obs2": {"median": 0.09202834809742205, "sigd": 0.3445542187502805, "sigup": 0.2886227419513002, "best": 0.2054881258434907, "unit": "arcsec"}, "deltaDec-ACA.obs2": {"median": -0.5260795881802591, "sigd": 0.22476783715078064, "sigup": 0.2517035528950951, "best": -0.24215477001935815, "unit": "arcsec"}, "deltaRA-ACA.obs3": {"median": 0.6753879320274052, "sigd": 0.3540225771609339, "sigup": 0.40012001644258355, "best": 0.7842198087379968, "unit": "arcsec"}, "deltaDec-ACA.obs3": {"median": -0.11735913054109362, "sigd": 0.25189766669137204, "sigup": 0.26675358109474145, "best": -0.23485912468776723, "unit": "arcsec"}, "deltaRA-ACA.obs4": {"median": 0.2100097669045286, "sigd": 0.43030705168013184, "sigup": 0.3401469135769533, "best": -0.15364667337356447, "unit": "arcsec"}, "deltaDec-ACA.obs4": {"median": -0.4204821545603293, "sigd": 0.4186690941064643, "sigup": 0.39698927843152176, "best": -0.29696513435631344, "unit": "arcsec"}, "deltaRA-ACA.obs5": {"median": -0.01774673671743171, "sigd": 0.25821883813563196, "sigup": 0.26795507459673135, "best": 0.10005906578183571, "unit": "arcsec"}, "deltaDec-ACA.obs5": {"median": -0.4308937457755952, "sigd": 0.38622618117785806, "sigup": 0.3031327430320459, "best": -0.5190890585123777, "unit": "arcsec"}, "deltaRA-ACA.obs6": {"median": 0.4193420397060791, "sigd": 0.3022451723555946, "sigup": 0.3312501338343822, "best": 0.6891865999539748, "unit": "arcsec"}, "deltaDec-ACA.obs6": {"median": -0.3824036228680391, "sigd": 0.33481503769390075, "sigup": 0.31736592144313663, "best": -0.2182540429412987, "unit": "arcsec"}, "deltaRA-ACA.obs7": {"median": 0.48447741276044115, "sigd": 0.21724269292942755, "sigup": 0.2308817436143547, "best": 0.43265120945264457, "unit": "arcsec"}, "deltaDec-ACA.obs7": {"median": 0.09287950197984407, "sigd": 0.2680897796985641, "sigup": 0.3161536867585653, "best": 0.06946149436124976, "unit": "arcsec"}, "deltaRA-ACA.obs8": {"median": 0.014263978443051883, "sigd": 0.38693477178267144, "sigup": 0.39612135482430555, "best": -0.26232201438332875, "unit": "arcsec"}, "deltaDec-ACA.obs8": {"median": -0.29881993810981083, "sigd": 0.19886070572888526, "sigup": 0.1736703927231883, "best": -0.45416694775094935, "unit": "arcsec"}, "deltaRA-ACA.obs9": {"median": -0.17908366176593282, "sigd": 0.3020170846075821, "sigup": 0.3327909493049376, "best": 0.16355073115977942, "unit": "arcsec"}, "deltaDec-ACA.obs9": {"median": -0.019193634699995743, "sigd": 0.2567786703875857, "sigup": 0.27261225425271374, "best": -0.3026637011550926, "unit": "arcsec"}, "deltaRA-ACA.obs10": {"median": 0.5339559354768675, "sigd": 0.24222417334503227, "sigup": 0.22105572946915686, "best": 0.3456920076368259, "unit": "arcsec"}, "deltaDec-ACA.obs10": {"median": -0.03214394668803172, "sigd": 0.2253060398378438, "sigup": 0.2461904177251094, "best": -0.04026814607096618, "unit": "arcsec"}, "deltaRA-ACA.obs11": {"median": 0.08579251198811406, "sigd": 0.39662549755440635, "sigup": 0.408164138672571, "best": 0.0279455223069473, "unit": "arcsec"}, "deltaDec-ACA.obs11": {"median": -0.13319220709383894, "sigd": 0.2601195995929636, "sigup": 0.241111975246954, "best": -0.4092173973420948, "unit": "arcsec"}, "fsigma-12m.obs1": {"median": 1.8666282537208012, "sigd": 0.004339352022368681, "sigup": 0.004305813881295917, "best": 1.8651033209172379, "unit": ""}, "fsigma-12m.obs2": {"median": 1.8682863434105084, "sigd": 0.0051654739088187185, "sigup": 0.005458139873797396, "best": 1.8650611373473056, "unit": ""}, "fsigma-12m.obs3": {"median": 1.8694754916722796, "sigd": 0.00462469134527721, "sigup": 0.0041463428995844875, "best": 1.872010004568262, "unit": ""}, "fsigma-12m.obs4": {"median": 1.8697343494510588, "sigd": 0.00473996392036069, "sigup": 0.004817134269828882, "best": 1.8718304905824246, "unit": ""}, "fsigma-ACA.obs1": {"median": 1.685420278211911, "sigd": 0.015958144774818273, "sigup": 0.014727799973169864, "best": 1.6748430665492904, "unit": ""}, "fsigma-ACA.obs2": {"median": 1.6888113279749561, "sigd": 0.013386040900685847, "sigup": 0.013099817342992148, "best": 1.679437594606448, "unit": ""}, "fsigma-ACA.obs3": {"median": 1.6984041273071782, "sigd": 0.014556065930567685, "sigup": 0.014277074806915202, "best": 1.699008064685773, "unit": ""}, "fsigma-ACA.obs4": {"median": 1.6901420644438665, "sigd": 0.015122707455311968, "sigup": 0.015347722276668696, "best": 1.6992442916638768, "unit": ""}, "fsigma-ACA.obs5": {"median": 1.6738125147493617, "sigd": 0.013504508523500602, "sigup": 0.012697278301871062, "best": 1.6672042731939933, "unit": ""}, "fsigma-ACA.obs6": {"median": 1.6893391346067945, "sigd": 0.016282545905579093, "sigup": 0.014606568892765015, "best": 1.6806016950731109, "unit": ""}, "fsigma-ACA.obs7": {"median": 1.6564600625274448, "sigd": 0.011159390128389068, "sigup": 0.011708458954050371, "best": 1.6548083519506052, "unit": ""}, "fsigma-ACA.obs8": {"median": 1.6814658229157484, "sigd": 0.011461249192233902, "sigup": 0.014095742235612496, "best": 1.6851071037732208, "unit": ""}, "fsigma-ACA.obs9": {"median": 1.6540190722617794, "sigd": 0.014279127827014904, "sigup": 0.013289072854837825, "best": 1.6566699289745235, "unit": ""}, "fsigma-ACA.obs10": {"median": 1.68116422470923, "sigd": 0.013846287098536747, "sigup": 0.013320271315280907, "best": 1.6987126236409225, "unit": ""}, "fsigma-ACA.obs11": {"median": 1.6760570316556638, "sigd": 0.011362639697451993, "sigup": 0.013154110268616348, "best": 1.6761352874894886, "unit": ""}, "fflux-12m.obs2": {"median": 1.2913401333976677, "sigd": 0.2560518217518306, "sigup": 0.3307785077523193,