{"Mdust": {"median": 0.27686426877960796, "sigd": 0.009908032428083247, "sigup": 0.009113457218118737, "best": 0.27055672906637546, "unit": "Mearth"}, "rc": {"median": 75.39545925380632, "sigd": 0.5285185360099547, "sigup": 0.4985882171415881, "best": 75.30801038035573, "unit": "au"}, "Deltar": {"median": 29.085633625157843, "sigd": 1.6067036913783177, "sigup": 1.4169589687635629, "best": 28.226362547133096, "unit": "au"}, "h": {"median": 0.045255398562924334, "sigd": 0.01736866196803516, "sigup": 0.022743049501939325, "best": 0.041770420207507764, "unit": ""}, "i": {"median": 47.62202610123138, "sigd": 0.6455308106958313, "sigup": 0.5817632805953039, "best": 47.521762747303896, "unit": "deg"}, "PA": {"median": 39.39538187888684, "sigd": 0.8764804635437571, "sigup": 0.8671083483533053, "best": 39.47683263786072, "unit": "deg"}, "deltaRA-12mLB.obs1": {"median": 0.015453046680440872, "sigd": 0.011615351979670507, "sigup": 0.012064911558905548, "best": 0.011129769600056329, "unit": "arcsec"}, "deltaDec-12mLB.obs1": {"median": -0.008535370936626655, "sigd": 0.0110992871638563, "sigup": 0.011288364437861936, "best": -0.018247609332397927, "unit": "arcsec"}, "deltaRA-12mLB.obs2": {"median": -0.0010437948552990016, "sigd": 0.012224027611607492, "sigup": 0.013948282162705002, "best": -0.0021923821361767354, "unit": "arcsec"}, "deltaDec-12mLB.obs2": {"median": 0.0070896251605687905, "sigd": 0.015488515702338692, "sigup": 0.017171036811296628, "best": 0.019352881886260984, "unit": "arcsec"}, "deltaRA-12mLB.obs3": {"median": -0.0056895074561890005, "sigd": 0.009568239635214495, "sigup": 0.009384755603089533, "best": 0.000169669949146147, "unit": "arcsec"}, "deltaDec-12mLB.obs3": {"median": -0.011181410137099088, "sigd": 0.009260433689775173, "sigup": 0.008875959954027563, "best": -0.010911385983237237, "unit": "arcsec"}, "deltaRA-12mLB.obs4": {"median": -0.0206055995817832, "sigd": 0.00922047746132917, "sigup": 0.010163979454394605, "best": -0.01022645533898061, "unit": "arcsec"}, "deltaDec-12mLB.obs4": {"median": -0.009397839520266325, "sigd": 0.009499989787619685, "sigup": 0.009232359720339447, "best": -0.0014965654959219607, "unit": "arcsec"}, "deltaRA-12mLB.obs5": {"median": -0.020658292146176597, "sigd": 0.012703594047937115, "sigup": 0.014101250233818467, "best": -0.006409245526878921, "unit": "arcsec"}, "deltaDec-12mLB.obs5": {"median": -0.017791253066072942, "sigd": 0.011483633903594293, "sigup": 0.012314708739453659, "best": -0.02696604650342056, "unit": "arcsec"}, "deltaRA-12mLB.obs6": {"median": -0.01122246801910839, "sigd": 0.009383248331878676, "sigup": 0.010802263862552328, "best": -0.013066127873841833, "unit": "arcsec"}, "deltaDec-12mLB.obs6": {"median": -0.01664450027784134, "sigd": 0.008917682515977386, "sigup": 0.01044292288393223, "best": -0.014348900527398012, "unit": "arcsec"}, "deltaRA-12mLB.obs7": {"median": -0.0032329793650427837, "sigd": 0.007813499985226496, "sigup": 0.007690514438631252, "best": 0.007716067290979865, "unit": "arcsec"}, "deltaDec-12mLB.obs7": {"median": -0.01612663714285402, "sigd": 0.009270972763021443, "sigup": 0.008948951607771441, "best": -0.006946103447452532, "unit": "arcsec"}, "deltaRA-12mSB.obs1": {"median": 0.015752700672300272, "sigd": 0.012481489527488402, "sigup": 0.013590139970983808, "best": 0.02043194479672261, "unit": "arcsec"}, "deltaDec-12mSB.obs1": {"median": 0.01956541652286538, "sigd": 0.011873958307850107, "sigup": 0.011823499643009546, "best": 0.017669004536876972, "unit": "arcsec"}, "deltaRA-12mSB.obs2": {"median": 0.005196383928510462, "sigd": 0.01060030975752585, "sigup": 0.011144351322100246, "best": -0.0029784712055925047, "unit": "arcsec"}, "deltaDec-12mSB.obs2": {"median": -0.04480443910821691, "sigd": 0.011608229626634395, "sigup": 0.012022670005052444, "best": -0.03382666620202614, "unit": "arcsec"}, "deltaRA-12mSB.obs3": {"median": 0.029665651933703536, "sigd": 0.009452154591487096, "sigup": 0.00974866957729428, "best": 0.027350590644922443, "unit": "arcsec"}, "deltaDec-12mSB.obs3": {"median": -0.05893359084217693, "sigd": 0.009179139693563043, "sigup": 0.008744835214608254, "best": -0.06458495305852181, "unit": "arcsec"}, "fsigma-12mLB.obs1": {"median": 1.8645572779314656, "sigd": 0.0014307521449410388, "sigup": 0.0013316514168764115, "best": 1.8638889707299604, "unit": ""}, "fsigma-12mLB.obs2": {"median": 1.8648005601352609, "sigd": 0.001274077457296352, "sigup": 0.0013422593823950724, "best": 1.8632510319937232, "unit": ""}, "fsigma-12mLB.obs3": {"median": 1.8630113744125727, "sigd": 0.001273394632604452, "sigup": 0.0013078558557195752, "best": 1.8626967177092668, "unit": ""}, "fsigma-12mLB.obs4": {"median": 1.8636656624978358, "sigd": 0.0012656865154181407, "sigup": 0.001213487521876555, "best": 1.8643211478043806, "unit": ""}, "fsigma-12mLB.obs5": {"median": 1.8631208986617107, "sigd": 0.0011498551679931523, "sigup": 0.0011973026924694263, "best": 1.863194486495399, "unit": ""}, "fsigma-12mLB.obs6": {"median": 1.8686088437033372, "sigd": 0.001041006993669713, "sigup": 0.0012787034966701416, "best": 1.8691798497736203, "unit": ""}, "fsigma-12mLB.obs7": {"median": 1.8644974556228133, "sigd": 0.0013112807441604257, "sigup": 0.0011519903627390526, "best": 1.8651984573589782, "unit": ""}, "fsigma-12mSB.obs1": {"median": 1.8628568693851921, "sigd": 0.0037913784578640364, "sigup": 0.0033925425871526027, "best": 1.8611645323165034, "unit": ""}, "fsigma-12mSB.obs2": {"median": 1.8639715758277386, "sigd": 0.0022317070516275628, "sigup": 0.002143164279662546, "best": 1.8655061368240669, "unit": ""}, "fsigma-12mSB.obs3": {"median": 1.8651354581037742, "sigd": 0.002281393435895618, "sigup": 0.0021105623878758806, "best": 1.8646818111243864, "unit": ""}, "fflux-12mLB.obs2": {"median": 1.0349708352095313, "sigd": 0.06534226902003304, "sigup": 0.07103995943547492, "best": 1.0182756354130122, "unit": ""}, "fflux-12mLB.obs3": {"median": 0.9795848775429883, "sigd": 0.04586029130829017, "sigup": 0.04533574662425166, "best": 0.9506197433774586, "unit": ""}, "fflux-12mLB.obs4": {"median": 0.938603073160794, "sigd": 0.040432155517319046, "sigup": 0.04869208236055156, "best": 0.9242475716508083, "unit": ""}, "fflux-12mLB.obs5": {"median": 1.0771150192995187, "sigd": 0.05408807075324984, "sigup": 0.06499228972215487, "best": 1.0724738152504625, "unit": ""}, "fflux-12mLB.obs6": {"median": 1.0176155980513615, "sigd": 0.047225109023833256, "sigup": 0.04362042263519195, "best": 0.9725423045362599, "unit": ""}, "fflux-12mLB.obs7": {"median": 0.964258980709262, "sigd": 0.04426054434685822, "sigup": 0.04862920397525172, "best": 0.967914287626032, "unit": ""}, "fflux-12mSB.obs1": {"median": 0.9459110843480781, "sigd": 0.03595754508122617, "sigup": 0.038580725604825505, "best": 0.9195150050669678, "unit": ""}, "fflux-12mSB.obs2": {"median": 1.1147150689528653, "sigd": 0.037970439674571255, "sigup": 0.03970961956708696, "best": 1.0653237370571191, "unit": ""}, "fflux-12mSB.obs3": {"median": 1.0784007054023252, "sigd": 0.03873275738027626, "sigup": 0.038701050729904596, "best": 1.0754882099712695, "unit": ""}}