{"Mdust": {"median": 0.2265961006282819, "sigd": 0.0039022799503866668, "sigup": 0.0038961101916092644, "best": 0.22502835351193134, "unit": "Mearth"}, "rc": {"median": 75.93440111777798, "sigd": 0.07682500245925894, "sigup": 0.11910801335150722, "best": 75.88196932184728, "unit": "au"}, "Deltar": {"median": 6.848438152512621, "sigd": 0.46561899890028347, "sigup": 0.46450080964455154, "best": 6.642025819069002, "unit": "au"}, "h": {"median": 0.014000429266732133, "sigd": 0.00048707606995638565, "sigup": 0.0008573486055393036, "best": 0.013619947027559615, "unit": ""}, "i": {"median": 76.63295537705511, "sigd": 0.06553037085639346, "sigup": 0.06758574614043766, "best": 76.63895608674983, "unit": "deg"}, "PA": {"median": 26.52167436553094, "sigd": 0.047000617281181434, "sigup": 0.052883989151162325, "best": 26.489432956218636, "unit": "deg"}, "deltaRA-12mLB.obs1": {"median": 0.011052969547394851, "sigd": 0.0016145903529299257, "sigup": 0.0016145281590615648, "best": 0.011962802854633059, "unit": "arcsec"}, "deltaDec-12mLB.obs1": {"median": -0.031564205213970936, "sigd": 0.002398018013106025, "sigup": 0.0022713842374730703, "best": -0.029862739947622303, "unit": "arcsec"}, "deltaRA-12mLB.obs2": {"median": 0.007595366278539977, "sigd": 0.0014429622480062717, "sigup": 0.001307691241613099, "best": 0.007343615575490353, "unit": "arcsec"}, "deltaDec-12mLB.obs2": {"median": -0.030130591187210606, "sigd": 0.0019130302003071212, "sigup": 0.0018539634437420398, "best": -0.029543401446947466, "unit": "arcsec"}, "deltaRA-12mSB.obs1": {"median": -0.017132021022016785, "sigd": 0.0017010732569903847, "sigup": 0.0017752787937331885, "best": -0.016170207722828154, "unit": "arcsec"}, "deltaDec-12mSB.obs1": {"median": -0.017535159487621577, "sigd": 0.002197344587323846, "sigup": 0.0020773792620672454, "best": -0.018451478439650948, "unit": "arcsec"}, "fsigma-12mLB.obs1": {"median": 1.8687649385620655, "sigd": 0.0008397370403669946, "sigup": 0.0008246830791263093, "best": 1.8686952271431456, "unit": ""}, "fsigma-12mLB.obs2": {"median": 1.860972740100011, "sigd": 0.0007609428254327089, "sigup": 0.0007499797884449322, "best": 1.8612378900015711, "unit": ""}, "fsigma-12mSB.obs1": {"median": 1.8724546314741748, "sigd": 0.003642784233527818, "sigup": 0.0035755598968960633, "best": 1.8716839748780223, "unit": ""}, "fflux-12mLB.obs2": {"median": 0.9766545068521464, "sigd": 0.01943382801636162, "sigup": 0.02053343058754087, "best": 0.971780456302591, "unit": ""}, "fflux-12mSB.obs1": {"median": 0.8772427740007209, "sigd": 0.01617761670912976, "sigup": 0.01563172288797754, "best": 0.8684364126663044, "unit": ""}}