{"Mdust": {"median": 0.214765421364139, "sigd": 0.005929497973448439, "sigup": 0.005948076478944159, "best": 0.2160510955908346, "unit": "Mearth"}, "rc": {"median": 135.21522340286617, "sigd": 2.1763769323300437, "sigup": 1.57625562134794, "best": 135.97634256095614, "unit": "au"}, "Deltar": {"median": 158.24526314369425, "sigd": 3.266348063715725, "sigup": 3.262668057896377, "best": 157.53569731944648, "unit": "au"}, "h": {"median": 0.06574916560226722, "sigd": 0.003739255501210584, "sigup": 0.0038319010005569143, "best": 0.06859238586858389, "unit": ""}, "i": {"median": 78.66975436180988, "sigd": 0.18233087183870111, "sigup": 0.17194388600830735, "best": 78.77913637620907, "unit": "deg"}, "PA": {"median": 107.89724860375345, "sigd": 0.15353564139182652, "sigup": 0.16036896198197326, "best": 107.77591130427462, "unit": "deg"}, "fstar": {"median": 0.002651003046344247, "sigd": 0.0019594117143620026, "sigup": 0.004111976970448456, "best": 0.0010430527699637395, "unit": "mJy"}, "deltaRA-12mLB.obs1": {"median": 0.06821840853624858, "sigd": 0.08029520380812699, "sigup": 0.07148310294484672, "best": 0.06597564753772599, "unit": "arcsec"}, "deltaDec-12mLB.obs1": {"median": -0.033301165856881504, "sigd": 0.028710289882500385, "sigup": 0.031146623694765542, "best": -0.019382144711855946, "unit": "arcsec"}, "deltaRA-12mLB.obs2": {"median": 0.1189478035479406, "sigd": 0.10060109484291928, "sigup": 0.09883863073283763, "best": 0.19541676580491607, "unit": "arcsec"}, "deltaDec-12mLB.obs2": {"median": -0.002407476927978394, "sigd": 0.04044232590262399, "sigup": 0.04036966539377943, "best": -0.03882406701831618, "unit": "arcsec"}, "deltaRA-12mLB.obs3": {"median": 0.1548551541681294, "sigd": 0.09351927984049983, "sigup": 0.09450875262029843, "best": 0.15282470753051447, "unit": "arcsec"}, "deltaDec-12mLB.obs3": {"median": -0.08337821715384704, "sigd": 0.035459549426534134, "sigup": 0.03349417557606807, "best": -0.0952349254138248, "unit": "arcsec"}, "deltaRA-12mLB.obs4": {"median": 0.08140196656490797, "sigd": 0.09856042037813388, "sigup": 0.10160356243165444, "best": 0.1582887180713976, "unit": "arcsec"}, "deltaDec-12mLB.obs4": {"median": -0.03795671101433123, "sigd": 0.04083980400646598, "sigup": 0.04112358689179523, "best": -0.07301223512008584, "unit": "arcsec"}, "deltaRA-12mSB.obs1": {"median": 0.0027026016689896057, "sigd": 0.021477525080199525, "sigup": 0.02241901979519988, "best": 0.02356331877816413, "unit": "arcsec"}, "deltaDec-12mSB.obs1": {"median": -0.010713073747180711, "sigd": 0.009485744202151, "sigup": 0.008720194234291765, "best": -0.0166051023882767, "unit": "arcsec"}, "deltaRA-12mMB.obs1": {"median": -0.027891704603532862, "sigd": 0.04360888014033508, "sigup": 0.04744234085991402, "best": -0.03258624505841084, "unit": "arcsec"}, "deltaDec-12mMB.obs1": {"median": 0.016408963950110177, "sigd": 0.01869496169423688, "sigup": 0.0187584230895712, "best": 0.020221135706713814, "unit": "arcsec"}, "deltaRA-12mMB.obs2": {"median": -0.1438905468957505, "sigd": 0.057952094654358716, "sigup": 0.059211466209762434, "best": -0.159666432682034, "unit": "arcsec"}, "deltaDec-12mMB.obs2": {"median": -0.011811289833499002, "sigd": 0.023106703590089865, "sigup": 0.023722995205220032, "best": -0.016209990411685436, "unit": "arcsec"}, "fsigma-12mLB.obs1": {"median": 1.8707386718125814, "sigd": 0.0016150739778884038, "sigup": 0.001581622834851082, "best": 1.8704727755466506, "unit": ""}, "fsigma-12mLB.obs2": {"median": 1.8694344744050166, "sigd": 0.001686254000661025, "sigup": 0.0015835797557000042, "best": 1.8692767457277857, "unit": ""}, "fsigma-12mLB.obs3": {"median": 1.8681245008653231, "sigd": 0.001612695272527942, "sigup": 0.0016525656611325878, "best": 1.8686482332118637, "unit": ""}, "fsigma-12mLB.obs4": {"median": 1.8661465968378679, "sigd": 0.0016491373255302921, "sigup": 0.0016499549903550292, "best": 1.8670924685491204, "unit": ""}, "fsigma-12mSB.obs1": {"median": 1.8693572843186603, "sigd": 0.002087608534003804, "sigup": 0.002002263098770607, "best": 1.8678062581255384, "unit": ""}, "fsigma-12mMB.obs1": {"median": 1.764657675782062, "sigd": 0.001907575115977389, "sigup": 0.001996649693875474, "best": 1.7635902442757838, "unit": ""}, "fsigma-12mMB.obs2": {"median": 1.7630991789245, "sigd": 0.001949787606541964, "sigup": 0.0019113370584595835, "best": 1.7619664176890488, "unit": ""}, "fflux-12mLB.obs2": {"median": 1.0885500944991058, "sigd": 0.045000181377006454, "sigup": 0.04622990922304138, "best": 1.08646697173833, "unit": ""}, "fflux-12mLB.obs3": {"median": 1.0134045568647476, "sigd": 0.040003185691948495, "sigup": 0.04277666665902635, "best": 1.0226896398834, "unit": ""}, "fflux-12mLB.obs4": {"median": 0.9656992042753832, "sigd": 0.03906079408377228, "sigup": 0.041579438301278304, "best": 0.9319329540728912, "unit": ""}, "fflux-12mSB.obs1": {"median": 1.0852859543015256, "sigd": 0.027325124026540415, "sigup": 0.02737625322757964, "best": 1.0848424070958713, "unit": ""}, "fflux-12mMB.obs1": {"median": 0.9693273660480801, "sigd": 0.02940784534070595, "sigup": 0.02958588879177404, "best": 0.9726640316053382, "unit": ""}, "fflux-12mMB.obs2": {"median": 1.0318685559998222, "sigd": 0.03458472722215744, "sigup": 0.03539971448782331, "best": 1.009981042709964, "unit": ""}}