{"Mdust": {"median": 0.055928608551548464, "sigd": 0.002658725516598452, "sigup": 0.003015393484510409, "best": 0.05658859173782205, "unit": "Mearth"}, "r1": {"median": 55.90080954129487, "sigd": 0.8066065253540131, "sigup": 0.7291111345869297, "best": 55.30629439772175, "unit": "au"}, "Deltar1": {"median": 11.972721042366878, "sigd": 3.0571995992636793, "sigup": 3.029205667153624, "best": 11.524473155140061, "unit": "au"}, "A2": {"median": 0.8443748646714113, "sigd": 0.18361516459545058, "sigup": 0.142397254480498, "best": 0.8683102227225182, "unit": ""}, "r2": {"median": 100.54661336030468, "sigd": 1.735729366605483, "sigup": 1.7792350291608727, "best": 99.72942578698249, "unit": "au"}, "Deltar2": {"median": 61.46573730786395, "sigd": 5.013123563470167, "sigup": 5.07395630344304, "best": 59.547354669146316, "unit": "au"}, "h": {"median": 0.03188360834728963, "sigd": 0.01131216297343092, "sigup": 0.014287707329263467, "best": 0.040832955879854756, "unit": ""}, "i": {"median": 65.35169916655634, "sigd": 0.6493404484593981, "sigup": 0.6140371246803511, "best": 65.11162922628864, "unit": "deg"}, "PA": {"median": 99.98128225503494, "sigd": 0.6101240910569032, "sigup": 0.5878779184304932, "best": 100.82776805358041, "unit": "deg"}, "fstar": {"median": 0.04512830595215904, "sigd": 0.012538132243890346, "sigup": 0.014229809341991369, "best": 0.05190664409181695, "unit": "mJy"}, "deltaRA-12m.obs1": {"median": -0.08424319616884898, "sigd": 0.05574223856705604, "sigup": 0.05354772486103199, "best": -0.04643399436629939, "unit": "arcsec"}, "deltaDec-12m.obs1": {"median": 0.01191421389983583, "sigd": 0.03515399305410518, "sigup": 0.03441506394638079, "best": -0.007959605990326886, "unit": "arcsec"}, "deltaRA-12m.obs2": {"median": -0.08696386285915272, "sigd": 0.044606469324967285, "sigup": 0.038186958510456046, "best": -0.08851662368674065, "unit": "arcsec"}, "deltaDec-12m.obs2": {"median": 0.02450133778085741, "sigd": 0.037724573410874575, "sigup": 0.030788580971086645, "best": 0.02549661043611874, "unit": "arcsec"}, "deltaRA-12m.obs3": {"median": 0.04010756488551476, "sigd": 0.06522466427424667, "sigup": 0.0654894015853566, "best": -0.010257667729866943, "unit": "arcsec"}, "deltaDec-12m.obs3": {"median": 0.02832535779041788, "sigd": 0.02884115045153031, "sigup": 0.031101812627836352, "best": 0.018340350060894406, "unit": "arcsec"}, "deltaRA-ACA.obs1": {"median": 0.24971455546595478, "sigd": 0.15034549073842368, "sigup": 0.12742080372805026, "best": 0.13510501424737947, "unit": "arcsec"}, "deltaDec-ACA.obs1": {"median": -0.12224716976946629, "sigd": 0.1105427567936362, "sigup": 0.11997189768148801, "best": -0.07764810848015967, "unit": "arcsec"}, "deltaRA-ACA.obs2": {"median": -0.2315953229032089, "sigd": 0.16120088382335823, "sigup": 0.1673038300557207, "best": -0.09495129529784092, "unit": "arcsec"}, "deltaDec-ACA.obs2": {"median": -0.08321232112093119, "sigd": 0.10655741013018655, "sigup": 0.11318023466079578, "best": 0.0044743144535855225, "unit": "arcsec"}, "deltaRA-ACA.obs3": {"median": -0.049266324564247205, "sigd": 0.19528990406404453, "sigup": 0.1919412691738092, "best": -0.036861954837881905, "unit": "arcsec"}, "deltaDec-ACA.obs3": {"median": 0.11818825023741802, "sigd": 0.13627481573360337, "sigup": 0.13421951664399995, "best": 0.07883689448776333, "unit": "arcsec"}, "deltaRA-ACA.obs4": {"median": -0.20192438550718275, "sigd": 0.14395164517027523, "sigup": 0.15649148978964195, "best": -0.23585955661653651, "unit": "arcsec"}, "deltaDec-ACA.obs4": {"median": -0.03604571466314904, "sigd": 0.16184810688242005, "sigup": 0.14797131794658572, "best": -0.27203450453269795, "unit": "arcsec"}, "deltaRA-ACA.obs5": {"median": 0.017059555319948003, "sigd": 0.18341412460626172, "sigup": 0.1742089456920431, "best": 0.24624108729254196, "unit": "arcsec"}, "deltaDec-ACA.obs5": {"median": -0.16376434510421697, "sigd": 0.09855951409106004, "sigup": 0.09261047966821798, "best": -0.18578535401846086, "unit": "arcsec"}, "fsigma-12m.obs1": {"median": 1.877786790845288, "sigd": 0.002582601012787178, "sigup": 0.0029380006863470864, "best": 1.8799050930013863, "unit": ""}, "fsigma-12m.obs2": {"median": 1.787213188573472, "sigd": 0.0024116185028220105, "sigup": 0.0021573023143302006, "best": 1.7859048512570423, "unit": ""}, "fsigma-12m.obs3": {"median": 1.8591166612060859, "sigd": 0.0020158413668240893, "sigup": 0.0026340051199587045, "best": 1.8584501317917221, "unit": ""}, "fsigma-ACA.obs1": {"median": 1.6041632907839147, "sigd": 0.011511796390037299, "sigup": 0.011169646414787238, "best": 1.5953800508934437, "unit": ""}, "fsigma-ACA.obs2": {"median": 1.5981747630453862, "sigd": 0.01040610226333527, "sigup": 0.010438936312743508, "best": 1.593531379355668, "unit": ""}, "fsigma-ACA.obs3": {"median": 1.5786660324160562, "sigd": 0.010365991855900036, "sigup": 0.011079024109120539, "best": 1.5664720972873039, "unit": ""}, "fsigma-ACA.obs4": {"median": 1.5851690735405644, "sigd": 0.008331277734723752, "sigup": 0.008824502721600291, "best": 1.587889068783198, "unit": ""}, "fsigma-ACA.obs5": {"median": 1.580883482767995, "sigd": 0.009157437040331784, "sigup": 0.008181164582808043, "best": 1.5891441478271295, "unit": ""}, "fflux-12m.obs2": {"median": 0.9483783245604405, "sigd": 0.061393033300007005, "sigup": 0.05039576617988806, "best": 0.9495820973209954, "unit": ""}, "fflux-12m.obs3": {"median": 1.0213994965204551, "sigd": 0.055263897896075775, "sigup": 0.06973966998084014, "best": 1.0240954696815734, "unit": ""}, "fflux-ACA.obs1": {"median": 1.0979547491284665, "sigd": 0.06588390542415512, "sigup": 0.06633562725324604, "best": 1.145071140984355, "unit": ""}, "fflux-ACA.obs2": {"median": 1.116096972621082, "sigd": 0.07373684778410805, "sigup": 0.06944540360936169, "best": 1.1151224512969593, "unit": ""}, "fflux-ACA.obs3": {"median": 1.018668367950395, "sigd": 0.06784517965863845, "sigup": 0.06577602920068415, "best": 0.9914876563223495, "unit": ""}, "fflux-ACA.obs4": {"median": 1.0082430541216199, "sigd": 0.07085835514065963, "sigup": 0.06309195352454733, "best": 1.0230743091588246, "unit": ""}, "fflux-ACA.obs5": {"median": 1.0117847729824576, "sigd": 0.058597025184314866, "sigup": 0.058053998049275135, "best": 1.0859576969867533, "unit": ""}, "fSMG1": {"median": 6.595923653640705, "sigd": 0.5962813707440944, "sigup": 0.5992624245841007, "best": 6.135775104559221, "unit": "mJy"}, "RA-SMG1": {"median": 1.5673299500349833, "sigd": 0.16511992215256432, "sigup": 0.16319156851672645, "best": 1.425267375412234, "unit": "arcsec"}, "Dec-SMG1": {"median": -16.196396086970157, "sigd": 0.09562152117143796, "sigup": 0.10533202774445272, "best": -16.13715240003497, "unit": "arcsec"}, "maj-SMG1": {"median": 0.7080076600502544, "sigd": 0.15298243147216073, "sigup": 0.12701297756458851, "best": 0.6168130543024846, "unit": "arcsec"}, "min-SMG1": {"median": 0.4988396355891181, "sigd": 0.1745687740596325, "sigup": 0.16654790078197274, "best": 0.5102095501972654, "unit": "arcsec"}, "PA-SMG1": {"median": 41.42287550337283, "sigd": 27.83570689126845, "sigup": 41.09177972002974, "best": 26.29585861181014, "unit": "deg"}}