{"Mdust": {"median": 0.1545244934970848, "sigd": 0.0036746482714524187, "sigup": 0.0036988088920650586, "best": 0.15341936670332057, "unit": "Mearth"}, "rc": {"median": 72.37784269692821, "sigd": 0.21287766660182683, "sigup": 0.1821042514078357, "best": 72.28480122768535, "unit": "au"}, "Deltar": {"median": 35.9286051369923, "sigd": 0.8921432750132254, "sigup": 0.8037569763216084, "best": 36.48559721141449, "unit": "au"}, "h": {"median": 0.019761614851234757, "sigd": 0.0017597671716617046, "sigup": 0.0015690491138600354, "best": 0.019046899077044384, "unit": ""}, "i": {"median": 85.94749689281413, "sigd": 0.06734223139670803, "sigup": 0.0690141076916575, "best": 85.85449190143164, "unit": "deg"}, "PA": {"median": 70.38114228262758, "sigd": 0.05201268453096475, "sigup": 0.04834084923714954, "best": 70.41215186578816, "unit": "deg"}, "deltaRA-12mLB.obs1": {"median": 0.008484298123065009, "sigd": 0.022230720645193394, "sigup": 0.02129191447680047, "best": 0.025019658767283154, "unit": "arcsec"}, "deltaDec-12mLB.obs1": {"median": -0.004389208269690762, "sigd": 0.008433493482033916, "sigup": 0.008174183087136026, "best": 0.0029808869494490292, "unit": "arcsec"}, "deltaRA-12mLB.obs2": {"median": -0.013715303055454441, "sigd": 0.022321640603058943, "sigup": 0.021126821167482056, "best": -0.030529826930217715, "unit": "arcsec"}, "deltaDec-12mLB.obs2": {"median": -0.022052787763408774, "sigd": 0.007551871387167834, "sigup": 0.008225688484008618, "best": -0.025166341130424177, "unit": "arcsec"}, "deltaRA-12mLB.obs3": {"median": -0.01706341282450101, "sigd": 0.014725302317547435, "sigup": 0.014397200571656808, "best": -0.01821075109219863, "unit": "arcsec"}, "deltaDec-12mLB.obs3": {"median": -0.018542724644130912, "sigd": 0.005803682866621699, "sigup": 0.0053708084761014095, "best": -0.020899292078434283, "unit": "arcsec"}, "deltaRA-12mSB.obs1": {"median": 0.01753190616563147, "sigd": 0.007128590848003404, "sigup": 0.007605151165399008, "best": 0.02077823023968579, "unit": "arcsec"}, "deltaDec-12mSB.obs1": {"median": -0.004879936776998425, "sigd": 0.002800959450273704, "sigup": 0.0031034821843333327, "best": -0.003222881192426308, "unit": "arcsec"}, "fsigma-12mLB.obs1": {"median": 1.8651058122262603, "sigd": 0.001509853867974531, "sigup": 0.001447714846608994, "best": 1.8661679583284052, "unit": ""}, "fsigma-12mLB.obs2": {"median": 1.875011857250545, "sigd": 0.0015299484961754928, "sigup": 0.0015758635601061943, "best": 1.8744338985526314, "unit": ""}, "fsigma-12mLB.obs3": {"median": 1.8610781083276495, "sigd": 0.00158922870359679, "sigup": 0.001519331793210954, "best": 1.8605628514255226, "unit": ""}, "fsigma-12mSB.obs1": {"median": 1.8710106532549358, "sigd": 0.0033060368539215013, "sigup": 0.0038262001981128613, "best": 1.8700743468052374, "unit": ""}, "fflux-12mLB.obs2": {"median": 0.9726657941930118, "sigd": 0.03046055256876845, "sigup": 0.03537939060961193, "best": 0.966801585968136, "unit": ""}, "fflux-12mLB.obs3": {"median": 1.1123107168684716, "sigd": 0.029049949365712813, "sigup": 0.030401635596432053, "best": 1.0925287736942417, "unit": ""}, "fflux-12mSB.obs1": {"median": 0.9580072903069121, "sigd": 0.02215658157459144, "sigup": 0.021080100201207763, "best": 0.9430122319333474, "unit": ""}}