{"Mdust": {"median": 0.16591897330046934, "sigd": 0.010506388740575856, "sigup": 0.01026907199758284, "best": 0.16718946382289637, "unit": "Mearth"}, "rc": {"median": 95.71467797872434, "sigd": 2.3196171726884245, "sigup": 2.678067744907608, "best": 98.41904016596101, "unit": "au"}, "Deltar": {"median": 99.26823436523217, "sigd": 5.150440335413606, "sigup": 4.68531479834887, "best": 101.78011973446435, "unit": "au"}, "i": {"median": 18.003294301848957, "sigd": 9.889169683379475, "sigup": 6.038527934181364, "best": 25.952424265709308, "unit": "deg"}, "PA": {"median": 149.17581727232468, "sigd": 21.992886813438076, "sigup": 18.433294322910086, "best": 162.85486142543556, "unit": "deg"}, "deltaRA-12m.obs1": {"median": 0.0813632074517271, "sigd": 0.0635703023727514, "sigup": 0.06550426165333445, "best": 0.16197051937894313, "unit": "arcsec"}, "deltaDec-12m.obs1": {"median": -0.09808708882880497, "sigd": 0.06344541868081145, "sigup": 0.06431680607003559, "best": -0.17033168693344927, "unit": "arcsec"}, "deltaRA-12m.obs2": {"median": 0.02058170416905458, "sigd": 0.06648954245358622, "sigup": 0.06542493651867569, "best": 0.09123719431071098, "unit": "arcsec"}, "deltaDec-12m.obs2": {"median": -0.1067191755759209, "sigd": 0.06470153952704377, "sigup": 0.06203628289500267, "best": -0.18735128354789107, "unit": "arcsec"}, "deltaRA-ACA.obs1": {"median": 0.1816917332680834, "sigd": 0.20871867716190518, "sigup": 0.1804122013590571, "best": 0.3343621000980148, "unit": "arcsec"}, "deltaDec-ACA.obs1": {"median": -0.25571380747515593, "sigd": 0.19686966120811022, "sigup": 0.20334715046807564, "best": -0.38141916204472426, "unit": "arcsec"}, "deltaRA-ACA.obs2": {"median": -0.03084968348656053, "sigd": 0.2560650125209635, "sigup": 0.26874806186697414, "best": -0.3051760904058511, "unit": "arcsec"}, "deltaDec-ACA.obs2": {"median": -0.19405324292496287, "sigd": 0.24057945729836236, "sigup": 0.229382019527693, "best": -0.32675380320745895, "unit": "arcsec"}, "deltaRA-ACA.obs3": {"median": 0.5953043019137672, "sigd": 0.25541852160632583, "sigup": 0.27294994792634997, "best": 0.9028395484781793, "unit": "arcsec"}, "deltaDec-ACA.obs3": {"median": -0.48760686826513555, "sigd": 0.23366357878967803, "sigup": 0.23432187257922554, "best": -0.5517820422358819, "unit": "arcsec"}, "deltaRA-ACA.obs4": {"median": -0.02362601035442824, "sigd": 0.2540987898870067, "sigup": 0.22889065266754174, "best": -0.16483436508218952, "unit": "arcsec"}, "deltaDec-ACA.obs4": {"median": -0.12693185524083064, "sigd": 0.1706969190985795, "sigup": 0.18145871715534487, "best": -0.18942420027203177, "unit": "arcsec"}, "fsigma-12m.obs1": {"median": 1.8606099616866805, "sigd": 0.0024197578288387422, "sigup": 0.0026632143529710106, "best": 1.8642035225964277, "unit": ""}, "fsigma-12m.obs2": {"median": 1.859853533525121, "sigd": 0.002306655571043148, "sigup": 0.0023367267072855746, "best": 1.8602258988257516, "unit": ""}, "fsigma-ACA.obs1": {"median": 1.665717068935213, "sigd": 0.008976923283484428, "sigup": 0.00922002144799916, "best": 1.6690810666404878, "unit": ""}, "fsigma-ACA.obs2": {"median": 1.662665814365769, "sigd": 0.00809724662853406, "sigup": 0.010089936761533247, "best": 1.672227710512404, "unit": ""}, "fsigma-ACA.obs3": {"median": 1.6897163106951716, "sigd": 0.012536872594666848, "sigup": 0.012132593440149497, "best": 1.6844155704743256, "unit": ""}, "fsigma-ACA.obs4": {"median": 1.6745988259794755, "sigd": 0.008809133211616027, "sigup": 0.009140649476375051, "best": 1.681599060406135, "unit": ""}, "fflux-12m.obs2": {"median": 1.1497640969198766, "sigd": 0.05187434489129217, "sigup": 0.057198364675032476, "best": 1.1648978645967274, "unit": ""}, "fflux-ACA.obs1": {"median": 1.0811198384571203, "sigd": 0.08909284395959272, "sigup": 0.11208212814160223, "best": 1.0408587870988193, "unit": ""}, "fflux-ACA.obs2": {"median": 1.0940033378590637, "sigd": 0.11237616514589754, "sigup": 0.11934084682476964, "best": 1.0663818890104484, "unit": ""}, "fflux-ACA.obs3": {"median": 1.1794709933773642, "sigd": 0.10333290970462583, "sigup": 0.14124073483481192, "best": 1.1812605114900292, "unit": ""}, "fflux-ACA.obs4": {"median": 1.2503720058196235, "sigd": 0.1092295562116985, "sigup": 0.13830518560277616, "best": 1.3133324342146209, "unit": ""}, "fSMG": {"median": 0.873174270215152, "sigd": 0.041157340161885325, "sigup": 0.047258311931951846, "best": 0.8384144560031471, "unit": "mJy"}, "RA-SMG": {"median": 1.4486391505395773, "sigd": 0.06401437541979793, "sigup": 0.06757003145154217, "best": 1.3636988687258675, "unit": "arcsec"}, "Dec-SMG": {"median": -3.0486523724512593, "sigd": 0.062314773284402936, "sigup": 0.06328284644333682, "best": -2.97650260735753, "unit": "arcsec"}, "maj-SMG": {"median": 0.1909652924197921, "sigd": 0.023488053487802862, "sigup": 0.019661439302317785, "best": 0.18615137192648162, "unit": "arcsec"}, "min-SMG": {"median": 0.08489041989015741, "sigd": 0.023614399325033515, "sigup": 0.02336260068530205, "best": 0.06258146587127122, "unit": "arcsec"}, "PA-SMG": {"median": -11.887513496336307, "sigd": 8.06470557220658, "sigup": 9.641257032738672, "best": -13.593305254473929, "unit": "deg"}}