{"Mdust": {"median": 0.029038239305295966, "sigd": 0.000879993165441021, "sigup": 0.0009107842930209699, "best": 0.02997896321768391, "unit": "Mearth"}, "r1": {"median": 103.57591131662895, "sigd": 0.44888003161794643, "sigup": 0.36855422191311504, "best": 103.80252439530632, "unit": "au"}, "Deltar1": {"median": 64.8481159092396, "sigd": 1.773940663890805, "sigup": 1.6189022456400437, "best": 65.41945696954322, "unit": "au"}, "h": {"median": 0.062114495327182724, "sigd": 0.002787081565589669, "sigup": 0.002710091278488737, "best": 0.06156324783090258, "unit": ""}, "i": {"median": 77.83521437886313, "sigd": 0.10784860120183737, "sigup": 0.13044976899047356, "best": 77.89673419329651, "unit": "deg"}, "PA": {"median": 57.331833989207624, "sigd": 0.10844342344612556, "sigup": 0.16672850078894186, "best": 57.23684295992077, "unit": "deg"}, "fstar": {"median": 0.13079152119194154, "sigd": 0.01010052814783094, "sigup": 0.008445877578952682, "best": 0.13458277188548787, "unit": "mJy"}, "deltaRA-12mLB.obs1": {"median": 0.09023262195080584, "sigd": 0.06843368878909575, "sigup": 0.04444815964563578, "best": 0.0717055079213605, "unit": "arcsec"}, "deltaDec-12mLB.obs1": {"median": 0.02777037549065972, "sigd": 0.058105495563428075, "sigup": 0.044036172736139204, "best": 0.04376714562992981, "unit": "arcsec"}, "deltaRA-12mLB.obs2": {"median": -0.025563397743396565, "sigd": 0.023879807016187287, "sigup": 0.025724421351386938, "best": -0.04109826473030405, "unit": "arcsec"}, "deltaDec-12mLB.obs2": {"median": 0.006566339336940608, "sigd": 0.02296214715344719, "sigup": 0.02082428396660291, "best": -0.009836336826281041, "unit": "arcsec"}, "deltaRA-12mLB.obs3": {"median": 0.04482486710687279, "sigd": 0.04647215862540279, "sigup": 0.04425006734949802, "best": 0.10152653085823571, "unit": "arcsec"}, "deltaDec-12mLB.obs3": {"median": -0.013812155630876516, "sigd": 0.037395266898615505, "sigup": 0.039166878744237084, "best": -0.002003458574700927, "unit": "arcsec"}, "deltaRA-12mLB.obs4": {"median": 0.04569857630334622, "sigd": 0.02618019706790995, "sigup": 0.02572565960488587, "best": 0.041283250534154756, "unit": "arcsec"}, "deltaDec-12mLB.obs4": {"median": 0.015453071157351839, "sigd": 0.031310602699136186, "sigup": 0.03363790050440281, "best": 0.036098904141008276, "unit": "arcsec"}, "deltaRA-12mSB.obs1": {"median": 0.020145025060958367, "sigd": 0.0455483389643402, "sigup": 0.041891326918269675, "best": 0.0675516757977859, "unit": "arcsec"}, "deltaDec-12mSB.obs1": {"median": 0.021231451843714083, "sigd": 0.031213186934204627, "sigup": 0.0305698284672231, "best": 0.05001168538731252, "unit": "arcsec"}, "deltaRA-ACA.obs1": {"median": -0.03321658604916246, "sigd": 0.24691747499713596, "sigup": 0.25395446493408064, "best": 0.07967402095938296, "unit": "arcsec"}, "deltaDec-ACA.obs1": {"median": 0.004011408048981757, "sigd": 0.17699699353126006, "sigup": 0.17244489087987036, "best": -0.008600729981448688, "unit": "arcsec"}, "deltaRA-ACA.obs2": {"median": 0.27253435599577186, "sigd": 0.2531436372746336, "sigup": 0.23606693834520515, "best": 0.2999785070574379, "unit": "arcsec"}, "deltaDec-ACA.obs2": {"median": 0.11664427318231811, "sigd": 0.18219910628785635, "sigup": 0.16836850646107554, "best": 0.009433699369154502, "unit": "arcsec"}, "deltaRA-ACA.obs3": {"median": 0.2044330603523449, "sigd": 0.3035045511452681, "sigup": 0.2955806399841666, "best": 0.3752659289879892, "unit": "arcsec"}, "deltaDec-ACA.obs3": {"median": 0.4552397623176324, "sigd": 0.1855789842437383, "sigup": 0.19197093333460213, "best": 0.38887671696990633, "unit": "arcsec"}, "deltaRA-ACA.obs4": {"median": 0.37427502783619887, "sigd": 0.2803646904172937, "sigup": 0.297913352015635, "best": 0.5690359225169482, "unit": "arcsec"}, "deltaDec-ACA.obs4": {"median": 0.17116459728035066, "sigd": 0.1972317349551122, "sigup": 0.21269992011090882, "best": 0.1289546573379648, "unit": "arcsec"}, "deltaRA-ACA.obs5": {"median": 0.09843465901644072, "sigd": 0.3480546814853712, "sigup": 0.34390313339805084, "best": 0.2790868743346144, "unit": "arcsec"}, "deltaDec-ACA.obs5": {"median": 0.008260889636458331, "sigd": 0.2243089437136203, "sigup": 0.22717668670206617, "best": 0.16299976969407848, "unit": "arcsec"}, "deltaRA-ACA.obs6": {"median": -0.09100063496030161, "sigd": 0.37098703212133155, "sigup": 0.3528613922518854, "best": -0.29599719214674236, "unit": "arcsec"}, "deltaDec-ACA.obs6": {"median": 0.24202094958039305, "sigd": 0.2140905092067935, "sigup": 0.23547053175856597, "best": 0.11443450460586377, "unit": "arcsec"}, "deltaRA-12mLBc3.obs1": {"median": 0.0053558482559703975, "sigd": 0.049050031305683764, "sigup": 0.046982820566988825, "best": 0.06508481596511262, "unit": "arcsec"}, "deltaDec-12mLBc3.obs1": {"median": 0.03672618366842963, "sigd": 0.036554904962701994, "sigup": 0.032293005493092275, "best": 0.04413102535599659, "unit": "arcsec"}, "deltaRA-12mLBc3.obs2": {"median": 0.03261703096113289, "sigd": 0.028085836551246652, "sigup": 0.0286352481108475, "best": 0.05028635271310645, "unit": "arcsec"}, "deltaDec-12mLBc3.obs2": {"median": -0.006456499690941266, "sigd": 0.02558505275987122, "sigup": 0.026242345204808823, "best": 0.011905068014458585, "unit": "arcsec"}, "deltaRA-12mSBc5.obs1": {"median": -0.04194647554657757, "sigd": 0.04444554986869889, "sigup": 0.04339671528299949, "best": -0.05433250587422715, "unit": "arcsec"}, "deltaDec-12mSBc5.obs1": {"median": 0.03611984861953714, "sigd": 0.03151495642206677, "sigup": 0.03249444583873892, "best": 0.03386589545748758, "unit": "arcsec"}, "deltaRA-12mSBc5.obs2": {"median": -0.07954818067982762, "sigd": 0.05476456032129863, "sigup": 0.054673529475899985, "best": -0.10306980129587517, "unit": "arcsec"}, "deltaDec-12mSBc5.obs2": {"median": -0.0470083194216615, "sigd": 0.03464734534357199, "sigup": 0.037168467621355394, "best": -0.04624536139071488, "unit": "arcsec"}, "fsigma-12mLB.obs1": {"median": 1.85666054282906, "sigd": 0.0026288390210389423, "sigup": 0.0024302157494946464, "best": 1.856465464926494, "unit": ""}, "fsigma-12mLB.obs2": {"median": 1.8576097194357268, "sigd": 0.0025639389064833207, "sigup": 0.0024457122719374613, "best": 1.8591154710608784, "unit": ""}, "fsigma-12mLB.obs3": {"median": 1.859117559110101, "sigd": 0.00244406503950656, "sigup": 0.002393940410016171, "best": 1.859817427125639, "unit": ""}, "fsigma-12mLB.obs4": {"median": 1.862689862725118, "sigd": 0.0025516526923081706, "sigup": 0.002600291276711131, "best": 1.8602025932411848, "unit": ""}, "fsigma-12mSB.obs1": {"median": 1.8707401956416099, "sigd": 0.002603427734936492, "sigup": 0.00245246666066401, "best": 1.866908184079833, "unit": ""}, "fsigma-ACA.obs1": {"median": 1.6639325749877165, "sigd": 0.009465650577292983, "sigup": 0.009169577668598494, "best": 1.6570742741817919, "unit": ""}, "fsigma-ACA.obs2": {"median": 1.6750098050957969, "sigd": 0.008235991433348522, "sigup": 0.007657196241497077, "best": 1.6653658220710268, "unit": ""}, "fsigma-ACA.obs3": {"median": 1.6595524367217318, "sigd": 0.008575438358108256, "sigup": 0.008130339624865535, "best": 1.6550605415420458, "unit": ""}, "fsigma-ACA.obs4": {"median": 1.6683807852573165, "sigd": 0.009786732942576926, "sigup": 0.00977308944711619, "best": 1.674270474407642, "unit": ""}, "fsigma-ACA.obs5": {"median": 1.6595849701094272, "sigd": 0.009804399374811146, "sigup": 0.010174372996317738, "best": 1.6555330604524063, "unit": ""}, "fsigma-ACA.obs6": {"median": 1.6724984534931824, "sigd": 0.010513774752958227, "sigup": 0.009815690166286917, "best": 1.6743572784150922, "unit": ""}, "fsigma-12mLBc3.obs1": {"median": 1.943713794052859, "sigd": 0.0033559068377475576, "sigup": 0.0029506091392130784, "best": 1.94433950003776, "unit": ""}, "fsigma-12mLBc3.obs2": {"median": 1.9091645687884229, "sigd": 0.0029004746901377665, "sigup": 0.002984600732597098, "best": 1.9108493573176601, "unit": ""}, "fsigma-12mSBc5.obs1": {"median": 1.8577737026159789, "sigd": 0.0020993139942213634, "sigup": 0.0021958169071121247, "best": 1.860558837636715, "unit": ""},