{"Mdust": {"median": 0.06519094218982271, "sigd": 0.0015809240453330542, "sigup": 0.001625124295168881, "best": 0.06615364676479744, "unit": "Mearth"}, "r1": {"median": 96.97376183400112, "sigd": 0.10958782126166966, "sigup": 0.08143107873097222, "best": 96.920099104395, "unit": "au"}, "Deltar1": {"median": 9.885250371018566, "sigd": 0.5150328606566852, "sigup": 0.49811083493719366, "best": 9.50352405706386, "unit": "au"}, "A2": {"median": 0.3426048779729555, "sigd": 0.045665999960410264, "sigup": 0.05908834700062776, "best": 0.3434766547099154, "unit": ""}, "r2": {"median": 64.4940308824508, "sigd": 0.5195738914318682, "sigup": 0.47326057630004925, "best": 64.76987314828143, "unit": "au"}, "Deltar2": {"median": 4.588329417478928, "sigd": 0.6484137642262024, "sigup": 0.599183378828271, "best": 4.311168772426786, "unit": "au"}, "h": {"median": 0.017084510001265405, "sigd": 0.0010058373374439884, "sigup": 0.0009980417969739537, "best": 0.015974088879654232, "unit": ""}, "i": {"median": 86.69540901389927, "sigd": 0.035634514706714526, "sigup": 0.03285279068872171, "best": 86.67806857405921, "unit": "deg"}, "PA": {"median": 98.45556142208642, "sigd": 0.020221478737738607, "sigup": 0.018939096202757355, "best": 98.47909347085962, "unit": "deg"}, "fstar": {"median": 0.024314776653672484, "sigd": 0.003935911842555324, "sigup": 0.004125498209190642, "best": 0.022567918748418552, "unit": "mJy"}, "deltaRA-12mLB.obs1": {"median": 0.012341445578142388, "sigd": 0.01623898053453789, "sigup": 0.017954397837295563, "best": -0.0015623147240732445, "unit": "arcsec"}, "deltaDec-12mLB.obs1": {"median": 0.012746833792984512, "sigd": 0.006006869780737042, "sigup": 0.005686478044543209, "best": 0.011303566524044642, "unit": "arcsec"}, "deltaRA-12mLB.obs2": {"median": 0.043755528945718616, "sigd": 0.011915112111406959, "sigup": 0.012273191355655945, "best": 0.06207118111783659, "unit": "arcsec"}, "deltaDec-12mLB.obs2": {"median": -0.007559538336466987, "sigd": 0.005014038573384708, "sigup": 0.005138761677645097, "best": -0.012584695888607401, "unit": "arcsec"}, "deltaRA-12mLB.obs3": {"median": 0.03579464889090328, "sigd": 0.008784089396402552, "sigup": 0.00826411859484951, "best": 0.033299314726391534, "unit": "arcsec"}, "deltaDec-12mLB.obs3": {"median": -0.004517644195892142, "sigd": 0.002907397198268084, "sigup": 0.0027456376636226824, "best": -0.002675660045415458, "unit": "arcsec"}, "deltaRA-12mLB.obs4": {"median": 0.03968821489665891, "sigd": 0.009322898722585751, "sigup": 0.009392135992312416, "best": 0.030214552860213545, "unit": "arcsec"}, "deltaDec-12mLB.obs4": {"median": -0.013247344249088154, "sigd": 0.0034884371016551015, "sigup": 0.00356528543201772, "best": -0.012693113682806645, "unit": "arcsec"}, "deltaRA-12mLB.obs5": {"median": 0.04351514861346509, "sigd": 0.008525765390471736, "sigup": 0.008226293154215913, "best": 0.03823531167149304, "unit": "arcsec"}, "deltaDec-12mLB.obs5": {"median": -0.008805750099705916, "sigd": 0.0024585801699752927, "sigup": 0.002734818131031432, "best": -0.008037014019885673, "unit": "arcsec"}, "deltaRA-12mLB.obs6": {"median": 0.05175340598923455, "sigd": 0.029696615944427608, "sigup": 0.029293133194338843, "best": 0.05656931624733731, "unit": "arcsec"}, "deltaDec-12mLB.obs6": {"median": -0.01713294460654735, "sigd": 0.010758541597005119, "sigup": 0.01161622111024124, "best": -0.009659238031114147, "unit": "arcsec"}, "deltaRA-12mLB.obs7": {"median": 0.034720715335785655, "sigd": 0.006558745863211431, "sigup": 0.006680434863109833, "best": 0.030707815054496355, "unit": "arcsec"}, "deltaDec-12mLB.obs7": {"median": -0.00443511296404004, "sigd": 0.002711164696880583, "sigup": 0.0024726707788168337, "best": -0.003500086837557945, "unit": "arcsec"}, "deltaRA-12mLB.obs8": {"median": 0.037281786606355574, "sigd": 0.009197607735028028, "sigup": 0.00893786537449151, "best": 0.037070972589131564, "unit": "arcsec"}, "deltaDec-12mLB.obs8": {"median": -0.009051125408161456, "sigd": 0.003208058900450561, "sigup": 0.0032387546660409706, "best": -0.009051136278862733, "unit": "arcsec"}, "deltaRA-12mLB.obs9": {"median": 0.04449547580000759, "sigd": 0.009030399159237062, "sigup": 0.00900966563722199, "best": 0.053747297992808765, "unit": "arcsec"}, "deltaDec-12mLB.obs9": {"median": -0.014313715158593428, "sigd": 0.0035797434581488832, "sigup": 0.0034589481153237227, "best": -0.013173790733361307, "unit": "arcsec"}, "deltaRA-12mLB.obs10": {"median": 0.03606212139761777, "sigd": 0.010959942275396366, "sigup": 0.01255896024677184, "best": 0.03431965833704572, "unit": "arcsec"}, "deltaDec-12mLB.obs10": {"median": -0.0020972705377945555, "sigd": 0.005445732497420367, "sigup": 0.005251730991559937, "best": -0.0019409975958683328, "unit": "arcsec"}, "deltaRA-12mLB.obs11": {"median": 0.015580405112817042, "sigd": 0.01595679035215474, "sigup": 0.01720527051945463, "best": 0.012225186637022448, "unit": "arcsec"}, "deltaDec-12mLB.obs11": {"median": -0.006509435212646285, "sigd": 0.005696100357425064, "sigup": 0.006232731503104687, "best": -0.007695942799114284, "unit": "arcsec"}, "deltaRA-12mLB.obs12": {"median": 0.03155991266633052, "sigd": 0.008087125463340242, "sigup": 0.008369497560269022, "best": 0.02898944426863567, "unit": "arcsec"}, "deltaDec-12mLB.obs12": {"median": -0.010485374603242729, "sigd": 0.0026326220084904855, "sigup": 0.00312481211806415, "best": -0.010342036731940084, "unit": "arcsec"}, "deltaRA-12mSB.obs1": {"median": 0.052441529483859876, "sigd": 0.009982398323565893, "sigup": 0.008087126684432115, "best": 0.042212518047097164, "unit": "arcsec"}, "deltaDec-12mSB.obs1": {"median": 0.005515814984196678, "sigd": 0.0034743793413500234, "sigup": 0.003923790436694691, "best": 0.0019703432826023667, "unit": "arcsec"}, "deltaRA-12mSB.obs2": {"median": 0.022402991228889557, "sigd": 0.00924234204158413, "sigup": 0.00926034365378612, "best": 0.016873151728106717, "unit": "arcsec"}, "deltaDec-12mSB.obs2": {"median": -0.01570033901815337, "sigd": 0.004066915075998427, "sigup": 0.004211010185087094, "best": -0.014836320802784601, "unit": "arcsec"}, "deltaRA-12mSB.obs3": {"median": 0.04055225667038376, "sigd": 0.009487587381509288, "sigup": 0.01109556981195993, "best": 0.03998887710869281, "unit": "arcsec"}, "deltaDec-12mSB.obs3": {"median": 0.006283549856353024, "sigd": 0.0035088887515035095, "sigup": 0.004056415959663466, "best": 0.004079048607019253, "unit": "arcsec"}, "fsigma-12mLB.obs1": {"median": 1.8717370657754744, "sigd": 0.0018349198208575945, "sigup": 0.0016063365394975992, "best": 1.869972630429825, "unit": ""}, "fsigma-12mLB.obs2": {"median": 1.8714883690887283, "sigd": 0.0014996755661857986, "sigup": 0.0017694839953494856, "best": 1.8723434206680334, "unit": ""}, "fsigma-12mLB.obs3": {"median": 1.8707489906150168, "sigd": 0.0015252909011025384, "sigup": 0.0014073872735338444, "best": 1.8707563238758251, "unit": ""}, "fsigma-12mLB.obs4": {"median": 1.876495785079339, "sigd": 0.0013149165825048215, "sigup": 0.0014052646499842503, "best": 1.875739692851246, "unit": ""}, "fsigma-12mLB.obs5": {"median": 1.8693841157934932, "sigd": 0.0013179161731358136, "sigup": 0.001319391122224678, "best": 1.8694672032996598, "unit": ""}, "fsigma-12mLB.obs6": {"median": 1.9194901927453447, "sigd": 0.001882237261506825, "sigup": 0.0017921640610887302, "best": 1.918312445042934, "unit": ""}, "fsigma-12mLB.obs7": {"median": 1.8646317724616381, "sigd": 0.001636556955038504, "sigup": 0.0015098464862617345, "best": 1.8635653099369915, "unit": ""}, "fsigma-12mLB.obs8": {"median": 1.8704309330725672, "sigd": 0.001668569393858732, "sigup": 0.0016428707555928845, "best": 1.870846956998978, "unit": ""}, "fsigma-12mLB.obs9": {"median": 1.866029582068978, "sigd": 0.0014966794010327078, "sigup": 0.001375834151039479, "best": 1.8674989842601022, "unit": ""}, "fsigma-12mLB.obs10": {"median": 1.8676053355346713, "sigd": 0.0015779770543047356, "sigup": 0.0017076634505841515, "best": 1.867991892600527, "unit": ""}, "fsigma-12mLB.obs11": {"median": 1.8750334486398244,