{"Mdust": {"median": 0.12012323054111784, "sigd": 0.005622410600462008, "sigup": 0.005798159550830323, "best": 0.12258662701850034, "unit": "Mearth"}, "rc": {"median": 203.5589587759456, "sigd": 4.900751716576423, "sigup": 4.804946978037719, "best": 209.6085922411099, "unit": "au"}, "Deltar": {"median": 176.34399091383386, "sigd": 8.524696531223384, "sigup": 8.77533333178917, "best": 178.17582471987743, "unit": "au"}, "i": {"median": 72.60702041213176, "sigd": 0.7689975998527814, "sigup": 0.619832571796195, "best": 73.4223750278266, "unit": "deg"}, "PA": {"median": 104.73678393325747, "sigd": 0.6787104469442511, "sigup": 0.6996380844480115, "best": 104.27198169285136, "unit": "deg"}, "deltaRA-12m.obs1": {"median": 0.10040417238166637, "sigd": 0.045214747133422356, "sigup": 0.047683973143743716, "best": 0.08500984596392351, "unit": "arcsec"}, "deltaDec-12m.obs1": {"median": 0.053598199454820514, "sigd": 0.0368487045124391, "sigup": 0.028786448433602202, "best": 0.06753218917623595, "unit": "arcsec"}, "deltaRA-12m.obs2": {"median": 0.11462788288031936, "sigd": 0.042752811059460716, "sigup": 0.040087209735567286, "best": 0.1154287868469608, "unit": "arcsec"}, "deltaDec-12m.obs2": {"median": 0.029487838281191812, "sigd": 0.03585861480368724, "sigup": 0.03231096440573494, "best": 0.03631377282501859, "unit": "arcsec"}, "deltaRA-ACA.obs1": {"median": 0.1386699765138059, "sigd": 0.1091139586119054, "sigup": 0.1277313526310164, "best": 0.20740062534650683, "unit": "arcsec"}, "deltaDec-ACA.obs1": {"median": -0.20103904307103193, "sigd": 0.05254323150704232, "sigup": 0.052892280765973826, "best": -0.17273016220595788, "unit": "arcsec"}, "deltaRA-ACA.obs2": {"median": 0.08920937157334767, "sigd": 0.1035521020933045, "sigup": 0.11056658784437325, "best": 0.05369469384778312, "unit": "arcsec"}, "deltaDec-ACA.obs2": {"median": -0.11145372675106036, "sigd": 0.09551168810337612, "sigup": 0.10642736937345168, "best": -0.08190692381659945, "unit": "arcsec"}, "deltaRA-ACA.obs3": {"median": 0.2925088325813679, "sigd": 0.0756531688473952, "sigup": 0.08616795018472562, "best": 0.3775176610095671, "unit": "arcsec"}, "deltaDec-ACA.obs3": {"median": -0.12015966813952911, "sigd": 0.07855252195616136, "sigup": 0.08683474056265866, "best": -0.15306970548115956, "unit": "arcsec"}, "deltaRA-ACA.obs4": {"median": 0.22027811408946968, "sigd": 0.11112057014823232, "sigup": 0.10998345632478729, "best": 0.30279841362598847, "unit": "arcsec"}, "deltaDec-ACA.obs4": {"median": -0.13031674803051757, "sigd": 0.10450663730483087, "sigup": 0.09310967971445813, "best": -0.17505929772035053, "unit": "arcsec"}, "deltaRA-ACA.obs5": {"median": 0.23670989679716053, "sigd": 0.08736723519703563, "sigup": 0.0794919873465299, "best": 0.2861393471730622, "unit": "arcsec"}, "deltaDec-ACA.obs5": {"median": -0.10999418220687157, "sigd": 0.07742908277838431, "sigup": 0.07485379631562589, "best": -0.11144541731975567, "unit": "arcsec"}, "deltaRA-ACA.obs6": {"median": 0.05245412917219022, "sigd": 0.09759668996551707, "sigup": 0.08612815653287292, "best": 0.015507086878652737, "unit": "arcsec"}, "deltaDec-ACA.obs6": {"median": -0.16346165321643225, "sigd": 0.0998703054979595, "sigup": 0.09432037238960803, "best": -0.16100549395646244, "unit": "arcsec"}, "deltaRA-ACA.obs7": {"median": 0.19937345114062313, "sigd": 0.09493694092882568, "sigup": 0.09505617406171749, "best": 0.22561584889114605, "unit": "arcsec"}, "deltaDec-ACA.obs7": {"median": -0.3110785072402442, "sigd": 0.08344667360100311, "sigup": 0.08844245670153492, "best": -0.37443834462826964, "unit": "arcsec"}, "deltaRA-ACA.obs8": {"median": 0.07534318092482856, "sigd": 0.12165790501913756, "sigup": 0.11506438112300182, "best": 0.04506019682112676, "unit": "arcsec"}, "deltaDec-ACA.obs8": {"median": -0.07864498891142763, "sigd": 0.12860782051546582, "sigup": 0.11206875615541068, "best": -0.0013627839948983367, "unit": "arcsec"}, "deltaRA-ACA.obs9": {"median": 0.05929046335404765, "sigd": 0.11213309832539994, "sigup": 0.09993988403614251, "best": -0.09363809232050041, "unit": "arcsec"}, "deltaDec-ACA.obs9": {"median": -0.07595321524748158, "sigd": 0.06447827875360371, "sigup": 0.07637912959714588, "best": -0.003073905972216101, "unit": "arcsec"}, "fsigma-12m.obs1": {"median": 1.86312509094523, "sigd": 0.002857626116711698, "sigup": 0.002855410925904689, "best": 1.8648961231526138, "unit": ""}, "fsigma-12m.obs2": {"median": 1.8652263513687084, "sigd": 0.002952910224269134, "sigup": 0.0030335474566598464, "best": 1.8664354664352425, "unit": ""}, "fsigma-ACA.obs1": {"median": 1.6556472308828323, "sigd": 0.012456324326471258, "sigup": 0.01229746645315255, "best": 1.6630753842837616, "unit": ""}, "fsigma-ACA.obs2": {"median": 1.6784343733566707, "sigd": 0.010786131370210672, "sigup": 0.01078591061857015, "best": 1.6819160489077278, "unit": ""}, "fsigma-ACA.obs3": {"median": 1.6738547018221495, "sigd": 0.015593282243350659, "sigup": 0.01577267632337387, "best": 1.6827125026066407, "unit": ""}, "fsigma-ACA.obs4": {"median": 1.684343887793922, "sigd": 0.012084953542615073, "sigup": 0.012092132838213976, "best": 1.6665322020114113, "unit": ""}, "fsigma-ACA.obs5": {"median": 1.6545259496739093, "sigd": 0.014244247448858216, "sigup": 0.01662222368094035, "best": 1.6574054433966539, "unit": ""}, "fsigma-ACA.obs6": {"median": 1.6715584842364992, "sigd": 0.018877373489354587, "sigup": 0.018720101021674207, "best": 1.653686346385773, "unit": ""}, "fsigma-ACA.obs7": {"median": 1.679028492280959, "sigd": 0.014077869883672545, "sigup": 0.013470526515737546, "best": 1.6830010092783498, "unit": ""}, "fsigma-ACA.obs8": {"median": 1.669051510231995, "sigd": 0.012248217257030847, "sigup": 0.011429044512780262, "best": 1.6602574770165415, "unit": ""}, "fsigma-ACA.obs9": {"median": 1.6687640626288112, "sigd": 0.011549457581342404, "sigup": 0.010709931295289854, "best": 1.6688165725506676, "unit": ""}, "fflux-12m.obs2": {"median": 1.0313291664383732, "sigd": 0.05365703233537056, "sigup": 0.0508410209339325, "best": 0.977708370907585, "unit": ""}, "fflux-ACA.obs1": {"median": 1.2847908894729065, "sigd": 0.10896027659331953, "sigup": 0.11925838441505143, "best": 1.2523137890478102, "unit": ""}, "fflux-ACA.obs2": {"median": 1.0717524645338043, "sigd": 0.08361643008772912, "sigup": 0.07979370726275681, "best": 1.0382953573037432, "unit": ""}, "fflux-ACA.obs3": {"median": 1.0159431018218574, "sigd": 0.08363436138410496, "sigup": 0.105248020205986, "best": 0.9830289337263014, "unit": ""}, "fflux-ACA.obs4": {"median": 0.9730194969974117, "sigd": 0.08235526217610056, "sigup": 0.08789162960126329, "best": 1.0825677144867993, "unit": ""}, "fflux-ACA.obs5": {"median": 1.1263190084371135, "sigd": 0.08871879356083667, "sigup": 0.07894556530587526, "best": 1.187787278620839, "unit": ""}, "fflux-ACA.obs6": {"median": 1.186476773297771, "sigd": 0.1269654786858394, "sigup": 0.15920609527909568, "best": 1.2346553058299847, "unit": ""}, "fflux-ACA.obs7": {"median": 0.9708161075787142, "sigd": 0.08580067400528213, "sigup": 0.1157579539950907, "best": 1.012843329480605, "unit": ""}, "fflux-ACA.obs8": {"median": 1.0764928838771277, "sigd": 0.090997807602206, "sigup": 0.11764582033613324, "best": 1.1647811765538352, "unit": ""}, "fflux-ACA.obs9": {"median": 1.0151015129615557, "sigd": 0.11887055207973707, "sigup": 0.1320514148659906, "best": 1.092263238089093, "unit": ""}, "fSMG": {"median": 0.7440239986649696, "sigd": 0.038108010726576436, "sigup": 0.040071569670353746, "best": 0.7119622034929343, "unit": "mJy"}, "RA-SMG": {"median": 6.158834335739886, "sigd": 0.04244546927227777, "sigup": 0.04642189788265494, "best": 6.176081712394714, "unit": "arcsec"}, "Dec-SMG": {"median": -2.1754889941840787, "sigd": 0.03196407137167956, "sigup": 0.034746353563410715, "best": -2.1844790315249614, "unit": "arcsec"}, "maj-SMG": {"median": 0.13087148142793598, "sigd": 0.020257899188615022, "sigup": 0.016608046968538293, "best": 0.1393948987071955, "unit": "arcsec"}, "min-SMG": {"median": 0.05192680588692777,