{"Mdust": {"median": 0.8733090488573392, "sigd": 0.014072692447939184, "sigup": 0.01423412539895974, "best": 0.8791223066936262, "unit": "Mearth"}, "rc": {"median": 115.8820482074834, "sigd": 0.38088770233122204, "sigup": 0.2529488549592003, "best": 116.13592001242102, "unit": "au"}, "Deltar": {"median": 36.78512825845408, "sigd": 1.1240888727915106, "sigup": 1.12947159993724, "best": 36.59933743533589, "unit": "au"}, "h": {"median": 0.011243101515224539, "sigd": 0.001261364535420464, "sigup": 0.00122303682069831, "best": 0.011261837428262856, "unit": ""}, "i": {"median": 88.31381913479264, "sigd": 0.04713307753434037, "sigup": 0.047459583698838514, "best": 88.33428130967506, "unit": "deg"}, "PA": {"median": 47.5111801861596, "sigd": 0.028229168636798363, "sigup": 0.030713661748492882, "best": 47.51462932476569, "unit": "deg"}, "fstar": {"median": 0.02431805649811604, "sigd": 0.012369897654644777, "sigup": 0.01311982019450747, "best": 0.0247992724922932, "unit": "mJy"}, "deltaRA-12mLB.obs1": {"median": 0.019306499724610723, "sigd": 0.004073144708060259, "sigup": 0.0038985092357184184, "best": 0.01949286103973087, "unit": "arcsec"}, "deltaDec-12mLB.obs1": {"median": 0.017747600999273878, "sigd": 0.0037686312413392417, "sigup": 0.003673656080884151, "best": 0.019394851472219664, "unit": "arcsec"}, "deltaRA-12mLB.obs2": {"median": 0.02636225085835585, "sigd": 0.004246196785424636, "sigup": 0.0041655997576294165, "best": 0.026657573574313493, "unit": "arcsec"}, "deltaDec-12mLB.obs2": {"median": 0.019489219107975495, "sigd": 0.003995092107496429, "sigup": 0.0037527756600935144, "best": 0.019969089271224868, "unit": "arcsec"}, "deltaRA-12mLB.obs3": {"median": 0.0203638208813217, "sigd": 0.0040992261688962, "sigup": 0.004006041173714468, "best": 0.020349708281099145, "unit": "arcsec"}, "deltaDec-12mLB.obs3": {"median": 0.017091296151315733, "sigd": 0.003666781688651817, "sigup": 0.003608600731370131, "best": 0.017559300164177238, "unit": "arcsec"}, "deltaRA-12mLB.obs4": {"median": 0.0141037692215991, "sigd": 0.006276457846600983, "sigup": 0.007246552212414098, "best": 0.013144074697061987, "unit": "arcsec"}, "deltaDec-12mLB.obs4": {"median": 0.019034500259123045, "sigd": 0.005783928622544163, "sigup": 0.006601272323924972, "best": 0.018159928760367983, "unit": "arcsec"}, "deltaRA-12mSB.obs1": {"median": -0.002445750890486987, "sigd": 0.004634893300825623, "sigup": 0.004764571768505087, "best": 0.0006638772516990485, "unit": "arcsec"}, "deltaDec-12mSB.obs1": {"median": 0.0022222873319187927, "sigd": 0.004491684428852514, "sigup": 0.004103775517315333, "best": 0.004642624479491651, "unit": "arcsec"}, "deltaRA-12mSB.obs2": {"median": 0.0396656834142107, "sigd": 0.004330387819144604, "sigup": 0.004692839528620971, "best": 0.039809240094415964, "unit": "arcsec"}, "deltaDec-12mSB.obs2": {"median": 0.027981819276434942, "sigd": 0.004036880933268892, "sigup": 0.004075570235991088, "best": 0.029265636003069646, "unit": "arcsec"}, "fsigma-12mLB.obs1": {"median": 1.878000021463362, "sigd": 0.001608778494587293, "sigup": 0.0016783042193833086, "best": 1.8771634216907855, "unit": ""}, "fsigma-12mLB.obs2": {"median": 1.8791861839430544, "sigd": 0.0016101562433976646, "sigup": 0.0016010381959778996, "best": 1.8802791667036125, "unit": ""}, "fsigma-12mLB.obs3": {"median": 1.8816726903252747, "sigd": 0.0016451509246373508, "sigup": 0.0016613873186224204, "best": 1.8808498519909311, "unit": ""}, "fsigma-12mLB.obs4": {"median": 1.8716469958313138, "sigd": 0.0017471695874218263, "sigup": 0.0019256327731991263, "best": 1.8710579225201083, "unit": ""}, "fsigma-12mSB.obs1": {"median": 1.8702129720673164, "sigd": 0.002650298657761452, "sigup": 0.002504402634848857, "best": 1.8700227607308046, "unit": ""}, "fsigma-12mSB.obs2": {"median": 1.8742912633620024, "sigd": 0.002518011134290399, "sigup": 0.0023592299680912365, "best": 1.8743598728691109, "unit": ""}, "fflux-12mLB.obs2": {"median": 1.0491290376909934, "sigd": 0.022387566640186485, "sigup": 0.025202718385328282, "best": 1.05662314231396, "unit": ""}, "fflux-12mLB.obs3": {"median": 1.0046862819345697, "sigd": 0.0201213688908225, "sigup": 0.021077364874313664, "best": 0.9942226737241575, "unit": ""}, "fflux-12mLB.obs4": {"median": 1.2024863986116938, "sigd": 0.0350290065869292, "sigup": 0.037035332147081546, "best": 1.224514388999778, "unit": ""}, "fflux-12mSB.obs1": {"median": 1.0190261897876116, "sigd": 0.0198112416765841, "sigup": 0.02096039319088283, "best": 1.0256066157578683, "unit": ""}, "fflux-12mSB.obs2": {"median": 1.0276122362307956, "sigd": 0.019389031482105024, "sigup": 0.02060967466473662, "best": 1.023996894145057, "unit": ""}}