{"Mdust": {"median": 0.4911661897519907, "sigd": 0.023888198315956455, "sigup": 0.022513528849228026, "best": 0.5005720548377164, "unit": "Mearth"}, "rc": {"median": 196.99587458387464, "sigd": 4.584013498412645, "sigup": 4.646829389511964, "best": 200.05678157975984, "unit": "au"}, "Deltar": {"median": 173.01367983744635, "sigd": 8.16365811190417, "sigup": 8.345333190031198, "best": 174.597672232232, "unit": "au"}, "i": {"median": 31.646974991730822, "sigd": 3.718802842503681, "sigup": 3.1813569003957554, "best": 34.563784265914435, "unit": "deg"}, "PA": {"median": 99.98984301188769, "sigd": 6.046021770417454, "sigup": 5.381342241406017, "best": 99.77700912620554, "unit": "deg"}, "deltaRA-12m.obs1": {"median": -0.11087965756212477, "sigd": 0.04340639454499022, "sigup": 0.04564197566288351, "best": -0.13123624724096483, "unit": "arcsec"}, "deltaDec-12m.obs1": {"median": 0.146726275707439, "sigd": 0.03407278913906936, "sigup": 0.033107297123374235, "best": 0.14040743863880048, "unit": "arcsec"}, "deltaRA-12m.obs2": {"median": -0.13307886509031114, "sigd": 0.043579887363029285, "sigup": 0.04587909326970825, "best": -0.15254312166634104, "unit": "arcsec"}, "deltaDec-12m.obs2": {"median": 0.17009527020200632, "sigd": 0.03425701132555131, "sigup": 0.03338667583538324, "best": 0.16364831882795774, "unit": "arcsec"}, "deltaRA-12m.obs3": {"median": -0.09022010776282009, "sigd": 0.043591645182780206, "sigup": 0.0455761547956607, "best": -0.11126088707144008, "unit": "arcsec"}, "deltaDec-12m.obs3": {"median": 0.18072521241682665, "sigd": 0.035582696524469826, "sigup": 0.033025602450122316, "best": 0.1794515854635375, "unit": "arcsec"}, "fsigma-12m.obs1": {"median": 1.863410219580011, "sigd": 0.00221746904822151, "sigup": 0.0021077123636994433, "best": 1.8638777392941586, "unit": ""}, "fsigma-12m.obs2": {"median": 1.8653690071546074, "sigd": 0.002381660771991978, "sigup": 0.0023539759592485776, "best": 1.8671003138755318, "unit": ""}, "fsigma-12m.obs3": {"median": 1.8629954821390362, "sigd": 0.0021785524625315134, "sigup": 0.002341607542640345, "best": 1.8635538713841444, "unit": ""}, "fflux-12m.obs2": {"median": 1.0381456443759236, "sigd": 0.016802955933919783, "sigup": 0.01660309174132757, "best": 1.040833104023573, "unit": ""}, "fflux-12m.obs3": {"median": 1.0398570510287164, "sigd": 0.017962885841078524, "sigup": 0.018629860647982444, "best": 1.0599318886313631, "unit": ""}, "fSMG1": {"median": 3.838304668435964, "sigd": 0.057751307116336026, "sigup": 0.05702943821464901, "best": 3.8323027539717414, "unit": "mJy"}, "RA-SMG1": {"median": -2.6836480029178365, "sigd": 0.04597107734331729, "sigup": 0.04322732796280748, "best": -2.663753912695662, "unit": "arcsec"}, "Dec-SMG1": {"median": 0.553909866467694, "sigd": 0.03279515567836211, "sigup": 0.03504865600071394, "best": 0.5577104152536791, "unit": "arcsec"}, "maj-SMG1": {"median": 0.21023217357317753, "sigd": 0.003862238118589628, "sigup": 0.0038724215589834854, "best": 0.21199369550959835, "unit": "arcsec"}, "min-SMG1": {"median": 0.1571415257404316, "sigd": 0.0033023220431634692, "sigup": 0.003340230618422285, "best": 0.15469982075413327, "unit": "arcsec"}, "PA-SMG1": {"median": 56.69435534643231, "sigd": 2.8822149340183145, "sigup": 2.7488341795115687, "best": 55.26636695831664, "unit": "deg"}, "fSMG2": {"median": 0.42564372163259895, "sigd": 0.038237195100166155, "sigup": 0.037363914097372164, "best": 0.4245785660150792, "unit": "mJy"}, "RA-SMG2": {"median": -2.3500239666010185, "sigd": 0.048338528874648734, "sigup": 0.04706410586133947, "best": -2.334293649125837, "unit": "arcsec"}, "Dec-SMG2": {"median": -1.8552873203390345, "sigd": 0.03862466710715129, "sigup": 0.04149464477657405, "best": -1.8662329693611437, "unit": "arcsec"}, "maj-SMG2": {"median": 0.20897291873040633, "sigd": 0.03376956770081754, "sigup": 0.0348363930341149, "best": 0.22544006177448836, "unit": "arcsec"}, "min-SMG2": {"median": 0.042951031671831064, "sigd": 0.02742481628688709, "sigup": 0.027571456212779663, "best": 0.011805969707877863, "unit": "arcsec"}, "PA-SMG2": {"median": 23.034746223243044, "sigd": 5.858764353847413, "sigup": 5.795965218909462, "best": 23.022995680104337, "unit": "deg"}}