{"Mdust": {"median": 0.131620732995983, "sigd": 0.008978986482269802, "sigup": 0.008544509290659807, "best": 0.13256890853965814, "unit": "Mearth"}, "rc": {"median": 199.284856690556, "sigd": 8.023858046323852, "sigup": 7.589763343652862, "best": 202.57789496600748, "unit": "au"}, "Deltar": {"median": 232.44504863640745, "sigd": 13.771146563143873, "sigup": 15.589235887588217, "best": 245.56888477005785, "unit": "au"}, "i": {"median": 47.148134334053296, "sigd": 2.764529197054202, "sigup": 2.372417497367664, "best": 48.08559974196341, "unit": "deg"}, "PA": {"median": -25.666137709659257, "sigd": 3.88946695208492, "sigup": 4.255878246806148, "best": -25.171683107279172, "unit": "deg"}, "deltaRA-12m.obs1": {"median": 0.08054924165629018, "sigd": 0.056634893160112214, "sigup": 0.05649816122014936, "best": 0.05751887844734732, "unit": "arcsec"}, "deltaDec-12m.obs1": {"median": -0.10349861363357482, "sigd": 0.05976921769023577, "sigup": 0.06557096259143218, "best": -0.1048734482523065, "unit": "arcsec"}, "deltaRA-12m.obs2": {"median": -0.010916480907685978, "sigd": 0.07326207868006432, "sigup": 0.06771243380443143, "best": -0.03915085366449325, "unit": "arcsec"}, "deltaDec-12m.obs2": {"median": 0.06860973571550183, "sigd": 0.07970738357519624, "sigup": 0.08421173138580446, "best": 0.026289617307399916, "unit": "arcsec"}, "deltaRA-12m.obs3": {"median": 0.15760228263547574, "sigd": 0.07059948903527812, "sigup": 0.07287484175442355, "best": 0.20668668189256717, "unit": "arcsec"}, "deltaDec-12m.obs3": {"median": 0.061749604400102076, "sigd": 0.09019063145372218, "sigup": 0.0950064683089176, "best": 0.12245522438209737, "unit": "arcsec"}, "deltaRA-12m.obs4": {"median": -0.05514364608946472, "sigd": 0.0617192269352336, "sigup": 0.06468464093844818, "best": -0.07914870032106898, "unit": "arcsec"}, "deltaDec-12m.obs4": {"median": 0.016364220243040423, "sigd": 0.05373145969120789, "sigup": 0.058808055342022825, "best": -0.05668394331696067, "unit": "arcsec"}, "deltaRA-12m.obs5": {"median": 0.05688497205850318, "sigd": 0.051026885560287824, "sigup": 0.053005711984579304, "best": -0.006927545836110587, "unit": "arcsec"}, "deltaDec-12m.obs5": {"median": -0.010833432227340522, "sigd": 0.06809790377207867, "sigup": 0.06827639562131116, "best": 0.05185411442871056, "unit": "arcsec"}, "deltaRA-12m.obs6": {"median": -0.010747471917740937, "sigd": 0.06003418582517464, "sigup": 0.053755049790736475, "best": 0.02802315723534069, "unit": "arcsec"}, "deltaDec-12m.obs6": {"median": 0.06735375527639421, "sigd": 0.07257844333563422, "sigup": 0.06489870159537571, "best": 0.061877100827012324, "unit": "arcsec"}, "deltaRA-12m.obs7": {"median": 0.007847627544928275, "sigd": 0.056516284933108285, "sigup": 0.06252141915032168, "best": -0.04366480481650699, "unit": "arcsec"}, "deltaDec-12m.obs7": {"median": 0.013819162489846219, "sigd": 0.06558771977847662, "sigup": 0.06100605985204119, "best": 0.03659066266768418, "unit": "arcsec"}, "deltaRA-ACA.obs1": {"median": -0.19087652188458784, "sigd": 0.5578598794448519, "sigup": 0.594625748621241, "best": 0.19234725546182221, "unit": "arcsec"}, "deltaDec-ACA.obs1": {"median": 0.680949113550889, "sigd": 0.6320985458896838, "sigup": 0.6824119309208966, "best": 0.8148315661987506, "unit": "arcsec"}, "deltaRA-ACA.obs2": {"median": -1.2102842928188193, "sigd": 0.6127561127155274, "sigup": 0.7140150973276679, "best": -1.3808983832251256, "unit": "arcsec"}, "deltaDec-ACA.obs2": {"median": 0.14548254008732622, "sigd": 0.711732085678294, "sigup": 0.8154172206881902, "best": -0.35918854233445496, "unit": "arcsec"}, "deltaRA-ACA.obs3": {"median": -0.5533987981400924, "sigd": 0.6022144947593814, "sigup": 0.6058779407120753, "best": -0.6373660575981329, "unit": "arcsec"}, "deltaDec-ACA.obs3": {"median": 0.37664495877346704, "sigd": 0.6032752790649183, "sigup": 0.6627883263155641, "best": 0.9470599350735512, "unit": "arcsec"}, "deltaRA-ACA.obs4": {"median": -0.46881171814095546, "sigd": 0.5650240751516871, "sigup": 0.5071834011609582, "best": -0.7021505220524611, "unit": "arcsec"}, "deltaDec-ACA.obs4": {"median": -0.7138121110517949, "sigd": 0.5261253844097055, "sigup": 0.5263967459063261, "best": -0.5530032220106229, "unit": "arcsec"}, "deltaRA-ACA.obs5": {"median": -0.4171742331874918, "sigd": 0.5880522894940864, "sigup": 0.539910232891768, "best": -0.6168092328547157, "unit": "arcsec"}, "deltaDec-ACA.obs5": {"median": 0.19418172265259828, "sigd": 0.8500195345263744, "sigup": 0.9013400634531185, "best": 0.9216547632243625, "unit": "arcsec"}, "deltaRA-ACA.obs6": {"median": -1.0105758796462494, "sigd": 1.16751241491035, "sigup": 1.3889278778911214, "best": -0.8701017142571125, "unit": "arcsec"}, "deltaDec-ACA.obs6": {"median": 0.3081518099764625, "sigd": 1.241936651120803, "sigup": 1.2258209019809048, "best": 1.2355150064560898, "unit": "arcsec"}, "deltaRA-ACA.obs7": {"median": -0.729564478628865, "sigd": 0.8430096687607195, "sigup": 0.7997552947308076, "best": -1.3242109845080585, "unit": "arcsec"}, "deltaDec-ACA.obs7": {"median": 0.1305147138571834, "sigd": 0.8142474765483276, "sigup": 0.8502070791618573, "best": 0.17699615845194341, "unit": "arcsec"}, "deltaRA-ACA.obs8": {"median": -0.2822304634932751, "sigd": 0.5727794152648497, "sigup": 0.6272058957041585, "best": 0.24318636751169084, "unit": "arcsec"}, "deltaDec-ACA.obs8": {"median": -0.46106706928633, "sigd": 0.8351805946686336, "sigup": 0.8048303577122421, "best": -0.9917166863981639, "unit": "arcsec"}, "deltaRA-ACA.obs9": {"median": 0.273348117865594, "sigd": 0.6235209650308146, "sigup": 0.6528512538115805, "best": 0.9458320195434622, "unit": "arcsec"}, "deltaDec-ACA.obs9": {"median": 0.31862560962065767, "sigd": 0.5145623088661763, "sigup": 0.5530443403795063, "best": -0.1573298435244726, "unit": "arcsec"}, "deltaRA-ACA.obs10": {"median": -0.9343769596214827, "sigd": 0.9376996475864873, "sigup": 1.122620926088932, "best": -0.17684171886057062, "unit": "arcsec"}, "deltaDec-ACA.obs10": {"median": -0.6972151945784996, "sigd": 0.6572765086034474, "sigup": 0.7998063223987544, "best": -1.474299444199568, "unit": "arcsec"}, "deltaRA-ACA.obs11": {"median": 0.2607927485183457, "sigd": 0.6240056800327578, "sigup": 0.6288978918684265, "best": 0.8161542895087942, "unit": "arcsec"}, "deltaDec-ACA.obs11": {"median": -0.46898700848650654, "sigd": 0.7672361713103893, "sigup": 0.7029079068897648, "best": -0.18466667796714117, "unit": "arcsec"}, "deltaRA-ACA.obs12": {"median": -0.44994095301889725, "sigd": 0.9058742799851128, "sigup": 0.9426958526818879, "best": -1.1813660352725275, "unit": "arcsec"}, "deltaDec-ACA.obs12": {"median": -0.3954773236386099, "sigd": 1.3426900379061064, "sigup": 2.057770277263129, "best": -0.5510430407974344, "unit": "arcsec"}, "deltaRA-ACA.obs13": {"median": -0.17207118612316621, "sigd": 0.4549279345139322, "sigup": 0.40989285040040757, "best": -0.24352508685457577, "unit": "arcsec"}, "deltaDec-ACA.obs13": {"median": 0.3741845909624273, "sigd": 0.549926657722239, "sigup": 0.5760958968656335, "best": 0.3923416099351925, "unit": "arcsec"}, "deltaRA-ACA.obs14": {"median": -0.1935294134853228, "sigd": 0.6007425427663603, "sigup": 0.5371685947676087, "best": -0.02210724465797423, "unit": "arcsec"}, "deltaDec-ACA.obs14": {"median": 1.0864158190535786, "sigd": 0.5847215481736349, "sigup": 0.5681482545714005, "best": 1.0569206643551343, "unit": "arcsec"}, "fsigma-12m.obs1": {"median": 1.8660557847891879, "sigd": 0.003075671067692909, "sigup": 0.0031378111249649177, "best": 1.8656233124157344, "unit": ""}, "fsigma-12m.obs2": {"median": 1.8660114487200083, "sigd": 0.0030162112856457757, "sigup": 0.0031296699388416727, "best": 1.865413394173692, "unit": ""}, "fsigma-12m.obs3": {"median": 1.8646711828258749, "sigd": 0.0024211746619065, "sigup": 0.0028303393054609494, "best": 1.8662851572183319, "unit": ""}, "fsigma-12m.obs4": {"median": 1.8646350114154495, "sigd": 0.00333136834472203, "sigup": 0.002955011117637074, "best": 1.8662567302242983, "unit": ""},