{"Mdust": {"median": 0.2217784521379781, "sigd": 0.00506836393520621, "sigup": 0.00524389161935207, "best": 0.22070953225587106, "unit": "Mearth"}, "r1": {"median": 51.680790528181085, "sigd": 0.2698727775445704, "sigup": 0.26000029043541417, "best": 51.731525838704215, "unit": "au"}, "Deltar1": {"median": 33.47566794984816, "sigd": 0.827907545482411, "sigup": 0.8317105464573018, "best": 33.04374530141497, "unit": "au"}, "A2": {"median": 1.572581250424062, "sigd": 0.01946952801791957, "sigup": 0.02047750052559394, "best": 1.5672987536034058, "unit": ""}, "r2": {"median": 116.75540136416258, "sigd": 0.2542088441709609, "sigup": 0.39866856170618803, "best": 116.64597172857182, "unit": "au"}, "Deltar2": {"median": 55.252289593908436, "sigd": 0.6285122386579829, "sigup": 0.6839306062420292, "best": 55.12483480114392, "unit": "au"}, "i": {"median": 19.33162698657473, "sigd": 0.51078285314113, "sigup": 0.6755838607680182, "best": 19.437576574174997, "unit": "deg"}, "PA": {"median": 153.2304436986134, "sigd": 1.726002596574972, "sigup": 1.7212981054305772, "best": 154.37668645545986, "unit": "deg"}, "fdisc": {"median": 17.203876429713457, "sigd": 0.22862627563421256, "sigup": 0.22661659355570052, "best": 16.93457361899317, "unit": "mJy"}, "deltaRA-b7.12mLB.obs1": {"median": 0.03576731324945486, "sigd": 0.03546293374125642, "sigup": 0.03370805478844089, "best": 0.013827312165178234, "unit": "arcsec"}, "deltaDec-b7.12mLB.obs1": {"median": -0.04833363862481052, "sigd": 0.036361246976457706, "sigup": 0.03463358980477185, "best": -0.07836212965319404, "unit": "arcsec"}, "deltaRA-b7.12mMB.obs1": {"median": -0.02448192451458093, "sigd": 0.03136588522735644, "sigup": 0.026130096518289007, "best": -0.03707541235257584, "unit": "arcsec"}, "deltaDec-b7.12mMB.obs1": {"median": -0.050840697267968304, "sigd": 0.027311682359486944, "sigup": 0.026299562311274442, "best": -0.061240538578704776, "unit": "arcsec"}, "deltaRA-b7.12mSB.obs1": {"median": 0.006339031563346094, "sigd": 0.01749086155754346, "sigup": 0.018467862967743207, "best": 0.004220936260577672, "unit": "arcsec"}, "deltaDec-b7.12mSB.obs1": {"median": -0.034698263642734525, "sigd": 0.01897526421858546, "sigup": 0.01756293813495253, "best": -0.04152503307459607, "unit": "arcsec"}, "deltaRA-b7.12mSB.obs2": {"median": 0.06502496664499151, "sigd": 0.016253817750045682, "sigup": 0.015922082378026822, "best": 0.07679866746579832, "unit": "arcsec"}, "deltaDec-b7.12mSB.obs2": {"median": -0.02364805348097142, "sigd": 0.014755829659586727, "sigup": 0.015345882547338652, "best": -0.011007543935931431, "unit": "arcsec"}, "deltaRA-b7.ACA.obs1": {"median": 0.11034725594739644, "sigd": 0.13482208798722153, "sigup": 0.12925380935153538, "best": 0.1650559612504241, "unit": "arcsec"}, "deltaDec-b7.ACA.obs1": {"median": 0.2604687537872033, "sigd": 0.1435065952109433, "sigup": 0.127151181355028, "best": 0.19591767934196025, "unit": "arcsec"}, "deltaRA-b7.ACA.obs2": {"median": -0.2562364175543298, "sigd": 0.13782036391938352, "sigup": 0.1456517405325901, "best": -0.20408452367732619, "unit": "arcsec"}, "deltaDec-b7.ACA.obs2": {"median": 0.16538221671064587, "sigd": 0.15625970589747687, "sigup": 0.15885201980784122, "best": 0.06338985222552636, "unit": "arcsec"}, "deltaRA-b7.ACA.obs3": {"median": 0.047755510175178165, "sigd": 0.1960816675399788, "sigup": 0.1588034629364865, "best": -0.11469195565484747, "unit": "arcsec"}, "deltaDec-b7.ACA.obs3": {"median": -0.21845346604469446, "sigd": 0.15399432159983095, "sigup": 0.15984577270844363, "best": -0.1281988206502749, "unit": "arcsec"}, "deltaRA-b7.ACA.obs4": {"median": 0.11554494087324924, "sigd": 0.17627318141865067, "sigup": 0.16003963609798583, "best": 0.2565895601110168, "unit": "arcsec"}, "deltaDec-b7.ACA.obs4": {"median": -0.20598535571372178, "sigd": 0.18061412129816262, "sigup": 0.17695592196851034, "best": -0.41499107173464755, "unit": "arcsec"}, "deltaRA-b6.12m.obs1": {"median": 0.005497172031026641, "sigd": 0.021059851625552434, "sigup": 0.021820592460107376, "best": 0.021425030387908266, "unit": "arcsec"}, "deltaDec-b6.12m.obs1": {"median": -0.02613363592784639, "sigd": 0.020879404583885836, "sigup": 0.021746718543144417, "best": -0.033151845833687826, "unit": "arcsec"}, "deltaRA-b6.12m.obs2": {"median": -0.029414698592792145, "sigd": 0.0257092975801628, "sigup": 0.025267431672603046, "best": -0.0639681888217091, "unit": "arcsec"}, "deltaDec-b6.12m.obs2": {"median": -0.023077695040617442, "sigd": 0.026325781176347478, "sigup": 0.025165456952952782, "best": -0.021303032621856857, "unit": "arcsec"}, "deltaRA-b6.12m.obs3": {"median": -0.005349287943182592, "sigd": 0.01699002338834855, "sigup": 0.020124823087420803, "best": 0.0011272192851404378, "unit": "arcsec"}, "deltaDec-b6.12m.obs3": {"median": -0.01021669681017535, "sigd": 0.01892106295261283, "sigup": 0.01943629356307377, "best": -0.013536992699281405, "unit": "arcsec"}, "deltaRA-b6.12m.obs4": {"median": 0.03922318799412447, "sigd": 0.017791441262288002, "sigup": 0.018116584153809324, "best": 0.03635317779172342, "unit": "arcsec"}, "deltaDec-b6.12m.obs4": {"median": 0.034294165910863, "sigd": 0.018252774549492968, "sigup": 0.016924688768785376, "best": 0.047332536364647924, "unit": "arcsec"}, "deltaRA-b6.12m.obs5": {"median": -0.01456206294320523, "sigd": 0.019369626767742017, "sigup": 0.01753979737231371, "best": -0.028717373092595706, "unit": "arcsec"}, "deltaDec-b6.12m.obs5": {"median": 0.004416435782184272, "sigd": 0.018513087728518365, "sigup": 0.017197354974659407, "best": -0.009340074194573961, "unit": "arcsec"}, "fsigma-b7.12mLB.obs1": {"median": 1.859871955252903, "sigd": 0.0023928236899710686, "sigup": 0.0024632861047215737, "best": 1.859984895130143, "unit": ""}, "fsigma-b7.12mMB.obs1": {"median": 1.773495508809965, "sigd": 0.0023514510621363005, "sigup": 0.002340846155960863, "best": 1.7725376717077763, "unit": ""}, "fsigma-b7.12mSB.obs1": {"median": 1.8566792174972597, "sigd": 0.0022787772720227473, "sigup": 0.0022374046006861104, "best": 1.8558783329154578, "unit": ""}, "fsigma-b7.12mSB.obs2": {"median": 1.8572915894480515, "sigd": 0.0026858312015629604, "sigup": 0.0026229378892170807, "best": 1.8591923020990606, "unit": ""}, "fsigma-b7.ACA.obs1": {"median": 1.5838816182363062, "sigd": 0.008817542737993733, "sigup": 0.009596984124262908, "best": 1.5797729203635387, "unit": ""}, "fsigma-b7.ACA.obs2": {"median": 1.5764547307723313, "sigd": 0.010122390384892821, "sigup": 0.009832696893912418, "best": 1.5889043589708045, "unit": ""}, "fsigma-b7.ACA.obs3": {"median": 1.593512940324086, "sigd": 0.012798243019161104, "sigup": 0.012096489967366564, "best": 1.5759429693649247, "unit": ""}, "fsigma-b7.ACA.obs4": {"median": 1.5650891756540408, "sigd": 0.010894000531499914, "sigup": 0.011790387464811536, "best": 1.5660317804525983, "unit": ""}, "fsigma-b6.12m.obs1": {"median": 1.843745964710833, "sigd": 0.002172688316788518, "sigup": 0.0022871197790643727, "best": 1.8432990323435456, "unit": ""}, "fsigma-b6.12m.obs2": {"median": 1.8460893506851455, "sigd": 0.002047314869091821, "sigup": 0.0024778092753958703, "best": 1.844744766373452, "unit": ""}, "fsigma-b6.12m.obs3": {"median": 1.8462542395946382, "sigd": 0.0025638031013632823, "sigup": 0.0023415857315187694, "best": 1.8489609528020918, "unit": ""}, "fsigma-b6.12m.obs4": {"median": 1.8448895419548017, "sigd": 0.002768801569225099, "sigup": 0.0025094537901535485, "best": 1.8451401173420447, "unit": ""}, "fsigma-b6.12m.obs5": {"median": 1.852189161932768, "sigd": 0.002568774100855542, "sigup": 0.0024448486487060883, "best": 1.853831624897839, "unit": ""}, "fflux-b7.12mMB.obs1": {"median": 0.9104711309244256, "sigd": 0.0313015603599045, "sigup": 0.03375796427278399, "best": 0.8991004489127309, "unit": ""}, "fflux-b7.12mSB.obs1": {"median": 1.012914413758655, "sigd": 0.030204415331625212, "sigup": 0.033070656493561, "best": 1.0073672594947856, "unit": ""}, "fflux-b7.12mSB.obs2": {"median": 1.042424626428911, "sigd": 0.03228725521247222, "sigup": 0.030755236012977916,