{"Mdust": {"median": 0.5814865953843583, "sigd": 0.012375224096979554, "sigup": 0.013876177304152248, "best": 0.5809191457567414, "unit": "Mearth"}, "rc": {"median": 89.67718889199566, "sigd": 0.05416567901158942, "sigup": 0.09818015989731066, "best": 89.65716331051878, "unit": "au"}, "Deltar": {"median": 13.224375559510785, "sigd": 0.5753298140841174, "sigup": 0.679262885186338, "best": 12.836209849679989, "unit": "au"}, "h": {"median": 0.010747066237069083, "sigd": 0.001536477714143232, "sigup": 0.0013713705620859024, "best": 0.0090684787953304, "unit": ""}, "i": {"median": 84.95700617398677, "sigd": 0.0427270862088136, "sigup": 0.06539642250601219, "best": 84.93081733392752, "unit": "deg"}, "PA": {"median": 97.23618624611399, "sigd": 0.021041933835746818, "sigup": 0.030457823147386875, "best": 97.22354803327327, "unit": "deg"}, "deltaRA-12mLB.obs1": {"median": 0.00037721315978566294, "sigd": 0.002392009326224521, "sigup": 0.0023758473421544714, "best": 0.0006031960818931167, "unit": "arcsec"}, "deltaDec-12mLB.obs1": {"median": 0.0005240343627595024, "sigd": 0.0006965175308554902, "sigup": 0.0007401487149474412, "best": 2.040113244918722e-05, "unit": "arcsec"}, "deltaRA-12mLB.obs2": {"median": 0.001944426778058552, "sigd": 0.0020791933351713278, "sigup": 0.0021476863560640496, "best": 0.0030965129375735553, "unit": "arcsec"}, "deltaDec-12mLB.obs2": {"median": 0.002470134829485838, "sigd": 0.0007759496092300732, "sigup": 0.0007864425375056598, "best": 0.0021048664813478305, "unit": "arcsec"}, "deltaRA-12mLB.obs3": {"median": 0.0021615162352076507, "sigd": 0.002505633681775532, "sigup": 0.0024476328911464925, "best": -0.000500637255242345, "unit": "arcsec"}, "deltaDec-12mLB.obs3": {"median": 0.0012976934316386464, "sigd": 0.000729071735657238, "sigup": 0.0006608912758694298, "best": 0.0010873986190894167, "unit": "arcsec"}, "deltaRA-12mLB.obs4": {"median": 0.0026701670706755047, "sigd": 0.0023392331902168553, "sigup": 0.002689195805357694, "best": 0.002806438351969287, "unit": "arcsec"}, "deltaDec-12mLB.obs4": {"median": -0.0007052600420077741, "sigd": 0.0007901127632294585, "sigup": 0.0009034233520292525, "best": -0.0006316944545460281, "unit": "arcsec"}, "deltaRA-12mLB.obs5": {"median": 0.0012141523669192988, "sigd": 0.0022954757549469144, "sigup": 0.002363196399453206, "best": -0.0017185737097941104, "unit": "arcsec"}, "deltaDec-12mLB.obs5": {"median": -0.0007719202017990512, "sigd": 0.0007565674744426014, "sigup": 0.0006941703871060083, "best": -0.0002716847639170064, "unit": "arcsec"}, "deltaRA-12mLB.obs6": {"median": 0.0032610778643365817, "sigd": 0.0025626045823682426, "sigup": 0.0021961716897262113, "best": 0.005790682277195554, "unit": "arcsec"}, "deltaDec-12mLB.obs6": {"median": 0.0010412944991008291, "sigd": 0.0009662458634494405, "sigup": 0.0009449051271925627, "best": 0.0014613209138480466, "unit": "arcsec"}, "deltaRA-12mSB.obs1": {"median": 0.001859267685612224, "sigd": 0.003176002729595819, "sigup": 0.003517540886683645, "best": 0.0027014175830789022, "unit": "arcsec"}, "deltaDec-12mSB.obs1": {"median": -0.001503701711176569, "sigd": 0.0014775160244489922, "sigup": 0.0015300800320635452, "best": -0.0013104589333930838, "unit": "arcsec"}, "deltaRA-12mSB.obs2": {"median": -0.003519460922907302, "sigd": 0.0037708661202672036, "sigup": 0.003956300899236962, "best": -0.0065151711411778465, "unit": "arcsec"}, "deltaDec-12mSB.obs2": {"median": 0.0055456654295877, "sigd": 0.0014540479224390453, "sigup": 0.0016875006372537235, "best": 0.005999226536941093, "unit": "arcsec"}, "deltaRA-12mSB.obs3": {"median": 0.010286827527129498, "sigd": 0.003506705071031589, "sigup": 0.0032137231674780366, "best": 0.01044355411677512, "unit": "arcsec"}, "deltaDec-12mSB.obs3": {"median": -0.0030324043817203227, "sigd": 0.0016258896260416692, "sigup": 0.0016391052068751898, "best": -0.0017709555336541116, "unit": "arcsec"}, "fsigma-12mLB.obs1": {"median": 1.8713675341167966, "sigd": 0.0022364082859003265, "sigup": 0.001954282982169042, "best": 1.8716641239755116, "unit": ""}, "fsigma-12mLB.obs2": {"median": 1.867959698681655, "sigd": 0.00214552667122625, "sigup": 0.0020783085486801856, "best": 1.8695361569873579, "unit": ""}, "fsigma-12mLB.obs3": {"median": 1.8674285763078966, "sigd": 0.0020753106140942723, "sigup": 0.0019811768629438564, "best": 1.865269573234292, "unit": ""}, "fsigma-12mLB.obs4": {"median": 1.8670689349191083, "sigd": 0.0019957841208715354, "sigup": 0.0019730170677687564, "best": 1.86781951760274, "unit": ""}, "fsigma-12mLB.obs5": {"median": 1.8659244522324903, "sigd": 0.0019148163165927379, "sigup": 0.0019089895516257727, "best": 1.8661954412913575, "unit": ""}, "fsigma-12mLB.obs6": {"median": 1.8672052353719233, "sigd": 0.002088686436750642, "sigup": 0.00183708780675218, "best": 1.8681579101452874, "unit": ""}, "fsigma-12mSB.obs1": {"median": 1.867341312697947, "sigd": 0.0023790479374048434, "sigup": 0.0022462000967617968, "best": 1.8626464662191125, "unit": ""}, "fsigma-12mSB.obs2": {"median": 1.8644656982208625, "sigd": 0.0022604994938988376, "sigup": 0.0021980587524168538, "best": 1.8635457194302438, "unit": ""}, "fsigma-12mSB.obs3": {"median": 1.8642414883343819, "sigd": 0.0024665042833806883, "sigup": 0.002386117949494837, "best": 1.8664902022126955, "unit": ""}, "fflux-12mLB.obs2": {"median": 0.9504177223373268, "sigd": 0.02533205288277529, "sigup": 0.028746567045969895, "best": 0.9565393906770487, "unit": ""}, "fflux-12mLB.obs3": {"median": 0.9728358240709303, "sigd": 0.0277811994532996, "sigup": 0.027094870312095454, "best": 0.9563746746704453, "unit": ""}, "fflux-12mLB.obs4": {"median": 0.9524079049493944, "sigd": 0.026230695162969053, "sigup": 0.03040550235710593, "best": 0.9412368690376327, "unit": ""}, "fflux-12mLB.obs5": {"median": 0.9874071189705589, "sigd": 0.02845494830130202, "sigup": 0.029016641281748967, "best": 0.9867878119125489, "unit": ""}, "fflux-12mLB.obs6": {"median": 0.9549872017311208, "sigd": 0.025284044592852717, "sigup": 0.0317973201235382, "best": 0.9487670099791286, "unit": ""}, "fflux-12mSB.obs1": {"median": 0.9272281724948186, "sigd": 0.02209676161002294, "sigup": 0.023917877746854277, "best": 0.9196295952185068, "unit": ""}, "fflux-12mSB.obs2": {"median": 0.9503539550159096, "sigd": 0.0236135846940998, "sigup": 0.025723568685770304, "best": 0.9466070356133748, "unit": ""}, "fflux-12mSB.obs3": {"median": 0.9233173409492486, "sigd": 0.021824571555849936, "sigup": 0.02453698483477773, "best": 0.9288966325396515, "unit": ""}}