{"Mdust": {"median": 0.12312246560250109, "sigd": 0.0032406295609576363, "sigup": 0.003502355854344469, "best": 0.12226915810051388, "unit": "Mearth"}, "rc": {"median": 104.26438967035486, "sigd": 1.2691570186759549, "sigup": 1.56317953282651, "best": 105.22439030859638, "unit": "au"}, "Deltar": {"median": 96.76697195468621, "sigd": 3.1232313485546968, "sigup": 3.3447545812505126, "best": 97.70575873402503, "unit": "au"}, "h": {"median": 0.05863962263183221, "sigd": 0.0028234967554947935, "sigup": 0.002965522861670601, "best": 0.057462229159453086, "unit": ""}, "i": {"median": 86.3829033187489, "sigd": 0.19996221427685157, "sigup": 0.244148354667459, "best": 86.29568318102233, "unit": "deg"}, "PA": {"median": 29.892751102182363, "sigd": 0.11340846263298232, "sigup": 0.09531266545790729, "best": 29.881363887085723, "unit": "deg"}, "fstar": {"median": 0.08648479637096217, "sigd": 0.014006364353578535, "sigup": 0.014682739385386168, "best": 0.09277859293715733, "unit": "mJy"}, "deltaRA-12mLB.obs1": {"median": -0.053554885054708894, "sigd": 0.013668117338770706, "sigup": 0.013741927530070412, "best": -0.04580383667829099, "unit": "arcsec"}, "deltaDec-12mLB.obs1": {"median": -0.002445895583333719, "sigd": 0.018929564694751072, "sigup": 0.020844989803814294, "best": 0.0022628967875366725, "unit": "arcsec"}, "deltaRA-12mLB.obs2": {"median": 0.06036542744193582, "sigd": 0.08286809388799951, "sigup": 0.09498608275428597, "best": 0.03831675010277259, "unit": "arcsec"}, "deltaDec-12mLB.obs2": {"median": 0.15514913528661486, "sigd": 0.1252471522529696, "sigup": 0.13036456454081383, "best": 0.13361438644335627, "unit": "arcsec"}, "deltaRA-12mLB.obs3": {"median": -0.04268693745989694, "sigd": 0.014382661735628445, "sigup": 0.014577920187309155, "best": -0.037074410779151926, "unit": "arcsec"}, "deltaDec-12mLB.obs3": {"median": 0.03211785251678781, "sigd": 0.023339141168063713, "sigup": 0.024111742143157762, "best": 0.04868986035308642, "unit": "arcsec"}, "deltaRA-12mSB.obs1.field2": {"median": -2.5189883658986316, "sigd": 0.053279116149536065, "sigup": 0.04985755799826741, "best": -2.55663107527022, "unit": "arcsec"}, "deltaDec-12mSB.obs1.field2": {"median": -4.475255781223574, "sigd": 0.09175988274446922, "sigup": 0.08758759778557224, "best": -4.538352144727375, "unit": "arcsec"}, "deltaRA-12mSB.obs1.field3": {"median": 2.8008537218940073, "sigd": 0.05375675040014993, "sigup": 0.04765828947896633, "best": 2.841366063241951, "unit": "arcsec"}, "deltaDec-12mSB.obs1.field3": {"median": 4.7375515608567484, "sigd": 0.09075486701931634, "sigup": 0.08427275043988214, "best": 4.796528654875544, "unit": "arcsec"}, "deltaRA-ACA.obs1": {"median": 0.10401499750887563, "sigd": 0.20461873772843708, "sigup": 0.1968197077638226, "best": 0.17971491060157146, "unit": "arcsec"}, "deltaDec-ACA.obs1": {"median": -0.19689657440693942, "sigd": 0.23015810220145122, "sigup": 0.22740536356219138, "best": -0.031687752617076126, "unit": "arcsec"}, "deltaRA-ACA.obs2": {"median": -0.014800873263251108, "sigd": 0.14821433486327712, "sigup": 0.15101330111375177, "best": -0.03108453133203179, "unit": "arcsec"}, "deltaDec-ACA.obs2": {"median": 0.32460932069419457, "sigd": 0.19573268906005425, "sigup": 0.17584928144919953, "best": 0.23684134151303576, "unit": "arcsec"}, "fsigma-12mLB.obs1": {"median": 1.1387961510712215, "sigd": 0.0005734848844209939, "sigup": 0.0005672873888704633, "best": 1.1389108026953727, "unit": ""}, "fsigma-12mLB.obs2": {"median": 1.1370884661837293, "sigd": 0.0005932251612044137, "sigup": 0.0004986256572439007, "best": 1.1374654613160495, "unit": ""}, "fsigma-12mLB.obs3": {"median": 1.137529654813716, "sigd": 0.0006400611162702408, "sigup": 0.0006035482730135655, "best": 1.1373773117161097, "unit": ""}, "fsigma-12mSB.obs1.field2": {"median": 0.9944573451279619, "sigd": 0.003385156422559099, "sigup": 0.003469299948574478, "best": 0.994953760264189, "unit": ""}, "fsigma-12mSB.obs1.field3": {"median": 0.9850581692119524, "sigd": 0.0034586254695928575, "sigup": 0.003351635935149644, "best": 0.985263343546291, "unit": ""}, "fsigma-ACA.obs1": {"median": 2.179229123015088, "sigd": 0.019950268770258184, "sigup": 0.021757779176400316, "best": 2.176356114859225, "unit": ""}, "fsigma-ACA.obs2": {"median": 2.00887522613631, "sigd": 0.026882497429532304, "sigup": 0.025121089362454274, "best": 2.0076826993832557, "unit": ""}, "fflux-12mLB.obs2": {"median": 1.2211732596588705, "sigd": 0.054711950206332016, "sigup": 0.05352611015569031, "best": 1.1973406479392017, "unit": ""}, "fflux-12mLB.obs3": {"median": 1.0946141207407338, "sigd": 0.027706494996150743, "sigup": 0.02616994615099766, "best": 1.0646737957604282, "unit": ""}, "fflux-12mSB.obs1.field2": {"median": 1.0546099643018039, "sigd": 0.03125944899590394, "sigup": 0.029799245879006175, "best": 1.0457910705933002, "unit": ""}, "fflux-12mSB.obs1.field3": {"median": 1.07224985060089, "sigd": 0.030750281464335005, "sigup": 0.029877200467752774, "best": 1.0376132945008056, "unit": ""}, "fflux-ACA.obs1": {"median": 0.9492179680308276, "sigd": 0.039557006993569455, "sigup": 0.04560524145898126, "best": 0.9905368200606302, "unit": ""}, "fflux-ACA.obs2": {"median": 1.0278495241445116, "sigd": 0.03892076982691073, "sigup": 0.044946863426313044, "best": 0.9773875318095874, "unit": ""}}