{"Mdust": {"median": 0.028292059529002045, "sigd": 0.0018606098019621278, "sigup": 0.0018492413441816777, "best": 0.030189724191618115, "unit": "Mearth"}, "rc": {"median": 121.17997584259128, "sigd": 3.4202632485074105, "sigup": 3.9983397488651065, "best": 123.92143903516029, "unit": "au"}, "Deltar": {"median": 133.73950953031812, "sigd": 8.107791977932294, "sigup": 8.708959983915861, "best": 136.26378798883775, "unit": "au"}, "i": {"median": 66.09912054022026, "sigd": 1.406424527638535, "sigup": 1.5986220547908516, "best": 65.89640103786982, "unit": "deg"}, "PA": {"median": 57.5714500359703, "sigd": 1.7141652230116335, "sigup": 1.5400718969029725, "best": 55.40220285473492, "unit": "deg"}, "fstar": {"median": 0.16094158252422106, "sigd": 0.017280087848647818, "sigup": 0.019588433428228885, "best": 0.16188568899413136, "unit": "mJy"}, "deltaRA-12m.obs1": {"median": 0.04933375762637229, "sigd": 0.040299792704155776, "sigup": 0.03889101517935442, "best": 0.07115510154021543, "unit": "arcsec"}, "deltaDec-12m.obs1": {"median": -0.13107590517288514, "sigd": 0.04197036589787567, "sigup": 0.04262152410364162, "best": -0.14156650565663126, "unit": "arcsec"}, "deltaRA-12m.obs2": {"median": 0.23235295630651512, "sigd": 0.05079359402789346, "sigup": 0.06327625130349632, "best": 0.1602767531201073, "unit": "arcsec"}, "deltaDec-12m.obs2": {"median": -0.08786284355196956, "sigd": 0.04904594370751737, "sigup": 0.056077744243492184, "best": -0.10254557515579284, "unit": "arcsec"}, "deltaRA-12m.obs3": {"median": 0.09204793139643369, "sigd": 0.05431886144365716, "sigup": 0.06325303828601975, "best": 0.110994459850969, "unit": "arcsec"}, "deltaDec-12m.obs3": {"median": -0.0859061633497752, "sigd": 0.06515408269586316, "sigup": 0.055029289337335585, "best": -0.08846543139408333, "unit": "arcsec"}, "deltaRA-ACA.obs1": {"median": 0.13247775314575078, "sigd": 0.08923239095061375, "sigup": 0.08424125634084043, "best": 0.14559698820230796, "unit": "arcsec"}, "deltaDec-ACA.obs1": {"median": -0.11685489456292944, "sigd": 0.088739741548895, "sigup": 0.09574997067431734, "best": -0.002367295582749035, "unit": "arcsec"}, "deltaRA-ACA.obs2": {"median": 0.16783416792804715, "sigd": 0.08921706625259428, "sigup": 0.08920066076228397, "best": 0.15536747860382608, "unit": "arcsec"}, "deltaDec-ACA.obs2": {"median": -0.21856491272493184, "sigd": 0.06107370106132359, "sigup": 0.07035891304102423, "best": -0.2444577391383617, "unit": "arcsec"}, "deltaRA-ACA.obs3": {"median": 0.11486164867799048, "sigd": 0.08059997251732728, "sigup": 0.07574166083629746, "best": 0.16209028550894816, "unit": "arcsec"}, "deltaDec-ACA.obs3": {"median": -0.03588094915934452, "sigd": 0.14050316434966165, "sigup": 0.14168883310058, "best": 0.0259213405229127, "unit": "arcsec"}, "deltaRA-ACA.obs4": {"median": 0.23407868025318618, "sigd": 0.06509820082816986, "sigup": 0.07141585768168618, "best": 0.24844145918709593, "unit": "arcsec"}, "deltaDec-ACA.obs4": {"median": -0.1831663650867996, "sigd": 0.12337710885498612, "sigup": 0.13381934064755305, "best": -0.23611523072682025, "unit": "arcsec"}, "deltaRA-ACA.obs5": {"median": 0.03936667395299631, "sigd": 0.10858742884676054, "sigup": 0.11416728760111441, "best": -0.03259284742663077, "unit": "arcsec"}, "deltaDec-ACA.obs5": {"median": 0.06541932806602549, "sigd": 0.08017229779916096, "sigup": 0.09259391002958833, "best": 0.05084022125816015, "unit": "arcsec"}, "deltaRA-ACA.obs6": {"median": 0.09397098160658787, "sigd": 0.08864434516900188, "sigup": 0.10236773993651979, "best": 0.04271453565357676, "unit": "arcsec"}, "deltaDec-ACA.obs6": {"median": -0.1396826471045382, "sigd": 0.054297200570333104, "sigup": 0.04957150064582018, "best": -0.13319806531637501, "unit": "arcsec"}, "deltaRA-ACA.obs7": {"median": 0.22547470835601635, "sigd": 0.0997240355305759, "sigup": 0.08798773595785392, "best": 0.23754648258546834, "unit": "arcsec"}, "deltaDec-ACA.obs7": {"median": -0.24215989903502777, "sigd": 0.04764450870435549, "sigup": 0.050377236768478606, "best": -0.19703579364751148, "unit": "arcsec"}, "deltaRA-ACA.obs8": {"median": -0.009883006553245616, "sigd": 0.13696303310324798, "sigup": 0.13862642164127534, "best": -0.1207612325929717, "unit": "arcsec"}, "deltaDec-ACA.obs8": {"median": 0.011472212597493758, "sigd": 0.10153045243036446, "sigup": 0.09135355387444212, "best": 0.001516858679877553, "unit": "arcsec"}, "deltaRA-ACA.obs9": {"median": -0.025737696647531255, "sigd": 0.06042071942395859, "sigup": 0.06316669235658638, "best": -0.00923095461833176, "unit": "arcsec"}, "deltaDec-ACA.obs9": {"median": -0.26459360313783375, "sigd": 0.06652118750448799, "sigup": 0.07988154711644402, "best": -0.2502028812963184, "unit": "arcsec"}, "deltaRA-ACA.obs10": {"median": 0.17513903897248428, "sigd": 0.06697196830233919, "sigup": 0.06711959329203104, "best": 0.1655217549665969, "unit": "arcsec"}, "deltaDec-ACA.obs10": {"median": -0.3616661716486904, "sigd": 0.10105672587284198, "sigup": 0.08388914616985865, "best": -0.3569765454427811, "unit": "arcsec"}, "deltaRA-ACA.obs11": {"median": 0.18238940611902332, "sigd": 0.10729222755711357, "sigup": 0.12357483496861005, "best": 0.23964823781419406, "unit": "arcsec"}, "deltaDec-ACA.obs11": {"median": -0.3849719560024491, "sigd": 0.05819823734922308, "sigup": 0.06761798601398156, "best": -0.44040096364701875, "unit": "arcsec"}, "fsigma-12m.obs1": {"median": 1.865694235345239, "sigd": 0.0031052970122604773, "sigup": 0.00299963328788011, "best": 1.8650923996144049, "unit": ""}, "fsigma-12m.obs2": {"median": 1.8576269695352443, "sigd": 0.003113030386870941, "sigup": 0.0031166269887412668, "best": 1.856270363714611, "unit": ""}, "fsigma-12m.obs3": {"median": 1.8571666102585171, "sigd": 0.003573795803774704, "sigup": 0.0034838953046500976, "best": 1.8539797758796563, "unit": ""}, "fsigma-ACA.obs1": {"median": 1.6749742674130812, "sigd": 0.011257314919818961, "sigup": 0.01581429238072829, "best": 1.6561551856905272, "unit": ""}, "fsigma-ACA.obs2": {"median": 1.646450264022585, "sigd": 0.02289018322031966, "sigup": 0.02784644479334486, "best": 1.6616311192596083, "unit": ""}, "fsigma-ACA.obs3": {"median": 1.6632384736895889, "sigd": 0.020764150434348982, "sigup": 0.02194191169828419, "best": 1.6482443312722124, "unit": ""}, "fsigma-ACA.obs4": {"median": 1.6704804616316027, "sigd": 0.012453916958692579, "sigup": 0.013620183980143308, "best": 1.694720111871785, "unit": ""}, "fsigma-ACA.obs5": {"median": 1.668250094459847, "sigd": 0.01091686068754294, "sigup": 0.011189529121185648, "best": 1.6670846073395729, "unit": ""}, "fsigma-ACA.obs6": {"median": 1.6681298860953686, "sigd": 0.013324256203490092, "sigup": 0.012156488278997069, "best": 1.676150421028555, "unit": ""}, "fsigma-ACA.obs7": {"median": 1.6824770993190075, "sigd": 0.014010560946157158, "sigup": 0.014156974327356187, "best": 1.6720080802705806, "unit": ""}, "fsigma-ACA.obs8": {"median": 1.6653555962765711, "sigd": 0.013983393411434397, "sigup": 0.013299604282531297, "best": 1.6600485005408692, "unit": ""}, "fsigma-ACA.obs9": {"median": 1.649143806040041, "sigd": 0.015628849062761407, "sigup": 0.01748193748003879, "best": 1.667411179000489, "unit": ""}, "fsigma-ACA.obs10": {"median": 1.6619221598023688, "sigd": 0.017082826709244214, "sigup": 0.01477253406467871, "best": 1.654846578460361, "unit": ""}, "fsigma-ACA.obs11": {"median": 1.678104297133533, "sigd": 0.011304120200030576, "sigup": 0.012236492787993214, "best": 1.6706032163922195, "unit": ""}, "fflux-12m.obs2": {"median": 1.119634534384338, "sigd": 0.08802853805182398, "sigup": 0.08811891777581815, "best": 1.177007279593478, "unit": ""}, "fflux-12m.obs3": {"median": 1.1011483065351737, "sigd": 0.07488434012997369, "sigup": 0.09115621911639527, "best": 1.035398350422964, "unit": ""}, "fflux-ACA.obs1": {"median": 0.9205558920034234, "sigd": 0.08457685237644763, "sigup": 0.11039644069042365, "best": 1.0117991289161594, "unit": ""}, "fflux-ACA.obs2": {"median": 1.0508261574171667, "sigd": 0.1559135959050728, "sigup": 0.15177858594926064,