{"Mdust": {"median": 0.036941992721882956, "sigd": 0.0026591876815296525, "sigup": 0.0025753158596825976, "best": 0.03305676435289518, "unit": "Mearth"}, "rc": {"median": 105.12652952736617, "sigd": 6.679051823255421, "sigup": 5.2490885277769905, "best": 105.44303914075272, "unit": "au"}, "Deltar": {"median": 115.9528868085163, "sigd": 8.902562323238612, "sigup": 11.140576368800737, "best": 103.12977103731274, "unit": "au"}, "dgap": {"median": 0.7224785433128682, "sigd": 0.20146877477854597, "sigup": 0.1726539351285754, "best": 0.9616568040171309, "unit": ""}, "rg": {"median": 75.16392338222633, "sigd": 8.669024271750388, "sigup": 7.838269078393154, "best": 79.12820636320932, "unit": "au"}, "Deltarg": {"median": 29.18555002575826, "sigd": 10.35520980026493, "sigup": 19.575335200846744, "best": 19.979778926274477, "unit": "au"}, "i": {"median": 45.21875750216513, "sigd": 2.5564670732468855, "sigup": 2.3607796916218504, "best": 44.21049346051317, "unit": "deg"}, "PA": {"median": 60.332187482310424, "sigd": 3.5215597386118205, "sigup": 3.7085203828794064, "best": 57.17772329027703, "unit": "deg"}, "deltaRA-12mLB.obs1": {"median": 0.040072933250757475, "sigd": 0.12853563383901126, "sigup": 0.1360900758207681, "best": 0.04687735027884962, "unit": "arcsec"}, "deltaDec-12mLB.obs1": {"median": 0.05253586198040298, "sigd": 0.11039781406010127, "sigup": 0.10127944800656405, "best": 0.1026979965637969, "unit": "arcsec"}, "deltaRA-12mLB.obs2": {"median": -0.0609070873342093, "sigd": 0.1567347100598736, "sigup": 0.15508052571481976, "best": 0.036536515052516316, "unit": "arcsec"}, "deltaDec-12mLB.obs2": {"median": 0.03249735434114295, "sigd": 0.12549199633717412, "sigup": 0.1216417555518928, "best": 0.05404837659430459, "unit": "arcsec"}, "deltaRA-12mLB.obs3": {"median": 0.00628095502405801, "sigd": 0.1485389811336138, "sigup": 0.22175815876878197, "best": 0.09126378964518173, "unit": "arcsec"}, "deltaDec-12mLB.obs3": {"median": -0.09466699567522949, "sigd": 0.12810316213485357, "sigup": 0.1825020624850476, "best": -0.1461531495192803, "unit": "arcsec"}, "deltaRA-12mLB.obs4": {"median": 0.15342686587198567, "sigd": 0.18771918719180572, "sigup": 0.13533602820902102, "best": 0.21523629871737177, "unit": "arcsec"}, "deltaDec-12mLB.obs4": {"median": -0.023571066424637438, "sigd": 0.14453394149356288, "sigup": 0.12644326204688802, "best": -0.011989767540732998, "unit": "arcsec"}, "deltaRA-12mSB.obs1": {"median": 0.14858311436610067, "sigd": 0.1224946303524366, "sigup": 0.11791388861604962, "best": 0.25996699696127124, "unit": "arcsec"}, "deltaDec-12mSB.obs1": {"median": 0.1044475095674511, "sigd": 0.10049700459451151, "sigup": 0.10350904229369069, "best": 0.09514625199864381, "unit": "arcsec"}, "deltaRA-12mSB.obs2": {"median": 0.22295756442148607, "sigd": 0.1233122804324484, "sigup": 0.12099706964029971, "best": 0.31053537829607136, "unit": "arcsec"}, "deltaDec-12mSB.obs2": {"median": -0.08222334082615138, "sigd": 0.1018802606082608, "sigup": 0.1038360168368709, "best": -0.020383598427834687, "unit": "arcsec"}, "fsigma-12mLB.obs1": {"median": 1.7647052104718868, "sigd": 0.0018777992411640465, "sigup": 0.0019026947983504794, "best": 1.7673838367606827, "unit": ""}, "fsigma-12mLB.obs2": {"median": 1.7689583513276825, "sigd": 0.0021157618756180163, "sigup": 0.0021034802705259814, "best": 1.7698507632075424, "unit": ""}, "fsigma-12mLB.obs3": {"median": 1.748159097785611, "sigd": 0.0020799622783487237, "sigup": 0.002031296517354342, "best": 1.7511639954965816, "unit": ""}, "fsigma-12mLB.obs4": {"median": 1.7634668951306895, "sigd": 0.0019113009881204235, "sigup": 0.0020840460444908615, "best": 1.7633294493556861, "unit": ""}, "fsigma-12mSB.obs1": {"median": 1.7579291734321434, "sigd": 0.002216438701939216, "sigup": 0.0023261857811034403, "best": 1.7605431254518122, "unit": ""}, "fsigma-12mSB.obs2": {"median": 1.7608756211482652, "sigd": 0.002170730424882805, "sigup": 0.002014736806300599, "best": 1.761589342775593, "unit": ""}, "fflux-12mLB.obs2": {"median": 0.9524630243094258, "sigd": 0.06929793803158157, "sigup": 0.07630944282714769, "best": 0.9647299684029589, "unit": ""}, "fflux-12mLB.obs3": {"median": 0.9964267239489875, "sigd": 0.0739244983716163, "sigup": 0.0753200450217626, "best": 0.9851360770442883, "unit": ""}, "fflux-12mLB.obs4": {"median": 1.023875022275932, "sigd": 0.07880420658730325, "sigup": 0.08406233725974888, "best": 0.9619801066239336, "unit": ""}, "fflux-12mSB.obs1": {"median": 1.1076406702230261, "sigd": 0.06656980633066478, "sigup": 0.06546794474644302, "best": 1.0402840470635988, "unit": ""}, "fflux-12mSB.obs2": {"median": 1.0750645835757586, "sigd": 0.06618466480003193, "sigup": 0.07080670007182, "best": 1.0485643471858481, "unit": ""}, "fSMG1": {"median": 0.3430640491563189, "sigd": 0.03742023704974773, "sigup": 0.04047624924384907, "best": 0.3088095123697541, "unit": "mJy"}, "RA-SMG1": {"median": -5.531315671884, "sigd": 0.12145797826471316, "sigup": 0.1541798208999845, "best": -5.656982720882328, "unit": "arcsec"}, "Dec-SMG1": {"median": -9.962505153522377, "sigd": 0.09597680397137331, "sigup": 0.10537407919377095, "best": -9.95073094574878, "unit": "arcsec"}, "maj-SMG1": {"median": 0.8321000545337668, "sigd": 0.10687176921069563, "sigup": 0.11773182059414522, "best": 0.7895025432960414, "unit": "arcsec"}, "min-SMG1": {"median": 0.5670412061833577, "sigd": 0.09510025909803921, "sigup": 0.09056560902451605, "best": 0.42749886119069225, "unit": "arcsec"}, "PA-SMG1": {"median": 115.03811658691077, "sigd": 13.601686315600034, "sigup": 12.191868550111906, "best": 118.70140927006379, "unit": "deg"}}