{"Mdust": {"median": 0.4465350962381772, "sigd": 0.009563972237159102, "sigup": 0.009141423614898392, "best": 0.4492868678956833, "unit": "Mearth"}, "rc": {"median": 77.14953995256988, "sigd": 0.47761105708647733, "sigup": 0.48700290466082663, "best": 77.03983245117074, "unit": "au"}, "Deltar": {"median": 65.19025024081786, "sigd": 1.6446068457935183, "sigup": 1.6872018653790661, "best": 64.6838377913438, "unit": "au"}, "h": {"median": 0.049290592404714985, "sigd": 0.004675154727149029, "sigup": 0.005466372300045215, "best": 0.05488882880828938, "unit": ""}, "i": {"median": 74.16885482333906, "sigd": 0.18756501555989757, "sigup": 0.20199027376645518, "best": 74.19108775956802, "unit": "deg"}, "PA": {"median": 59.17168838682106, "sigd": 0.23513938271509005, "sigup": 0.22419619313660633, "best": 58.93173311608258, "unit": "deg"}, "deltaRA-12mLB.obs1": {"median": 0.006048911303787057, "sigd": 0.006278472130264141, "sigup": 0.006541738097665995, "best": -0.00011991043962095767, "unit": "arcsec"}, "deltaDec-12mLB.obs1": {"median": 0.003219572148401223, "sigd": 0.005936792307460422, "sigup": 0.005830693140695237, "best": -0.0018638230498862233, "unit": "arcsec"}, "deltaRA-12mLB.obs2": {"median": 0.011871897355357139, "sigd": 0.005027720205573349, "sigup": 0.005415913727496974, "best": 0.013246901031061908, "unit": "arcsec"}, "deltaDec-12mLB.obs2": {"median": -0.008542450871793911, "sigd": 0.006591344136070328, "sigup": 0.007021415921426178, "best": -0.006423587659132445, "unit": "arcsec"}, "deltaRA-12mLB.obs3": {"median": 0.011816156878760194, "sigd": 0.008699520686383303, "sigup": 0.007596875761520218, "best": 0.005755570117242054, "unit": "arcsec"}, "deltaDec-12mLB.obs3": {"median": 0.0041421030630913, "sigd": 0.007632488953274194, "sigup": 0.006038963634117415, "best": 0.006373507478113448, "unit": "arcsec"}, "deltaRA-12mLB.obs4": {"median": -0.006188356420915424, "sigd": 0.007706230843962661, "sigup": 0.008834434032707467, "best": -0.0050366446676120636, "unit": "arcsec"}, "deltaDec-12mLB.obs4": {"median": 0.0030867057251880584, "sigd": 0.00828325260310844, "sigup": 0.006394095418345728, "best": -0.0011093777184279533, "unit": "arcsec"}, "deltaRA-12mLB.obs5": {"median": 0.0017304881739209723, "sigd": 0.007381450547889135, "sigup": 0.0069941569447182755, "best": 0.004981945935863401, "unit": "arcsec"}, "deltaDec-12mLB.obs5": {"median": -0.00749621433617928, "sigd": 0.005046616876600636, "sigup": 0.006281105034531642, "best": -0.0031593081500688206, "unit": "arcsec"}, "deltaRA-12mLB.obs6": {"median": 0.024523120929644888, "sigd": 0.008685450337288843, "sigup": 0.007969923029617885, "best": 0.0282826559451811, "unit": "arcsec"}, "deltaDec-12mLB.obs6": {"median": 0.00443882618383877, "sigd": 0.0051060904426653, "sigup": 0.00651144433520415, "best": 0.013482986771301619, "unit": "arcsec"}, "deltaRA-12mLB.obs7": {"median": 0.01989978527670627, "sigd": 0.007386857462517136, "sigup": 0.007802306867631753, "best": 0.020123906163299385, "unit": "arcsec"}, "deltaDec-12mLB.obs7": {"median": -0.0023056143634424134, "sigd": 0.0060114946491510125, "sigup": 0.005232850051999744, "best": 0.0032486781336653727, "unit": "arcsec"}, "deltaRA-12mLB.obs8": {"median": -0.01209575131764478, "sigd": 0.009272957406475883, "sigup": 0.008753793035217082, "best": -0.008804723169425498, "unit": "arcsec"}, "deltaDec-12mLB.obs8": {"median": -0.012897545018778468, "sigd": 0.005871969823395939, "sigup": 0.005225775529908517, "best": -0.010142590915239072, "unit": "arcsec"}, "deltaRA-12mLB.obs9": {"median": -0.007333796242492231, "sigd": 0.006591804329171875, "sigup": 0.0066504289386290615, "best": -0.009135220341267937, "unit": "arcsec"}, "deltaDec-12mLB.obs9": {"median": -0.004296918911390458, "sigd": 0.005816167753000905, "sigup": 0.005790308759191662, "best": -0.004068464003210413, "unit": "arcsec"}, "deltaRA-12mSB.obs1": {"median": 0.008267579985907767, "sigd": 0.0064425268564191705, "sigup": 0.005675089797915981, "best": 0.014107680036594987, "unit": "arcsec"}, "deltaDec-12mSB.obs1": {"median": 0.01575307099395726, "sigd": 0.003773756677816039, "sigup": 0.003919114766377206, "best": 0.016708302032472647, "unit": "arcsec"}, "deltaRA-12mSB.obs2": {"median": 0.004412166839023373, "sigd": 0.0049111478094716774, "sigup": 0.004939746446279939, "best": 0.0023934518232724272, "unit": "arcsec"}, "deltaDec-12mSB.obs2": {"median": -0.008241487384552378, "sigd": 0.004483709477180832, "sigup": 0.0042178221567627135, "best": -0.004661757397881688, "unit": "arcsec"}, "fsigma-12mLB.obs1": {"median": 1.870560361931496, "sigd": 0.0019856572030303443, "sigup": 0.0019309426257736462, "best": 1.8682465320570782, "unit": ""}, "fsigma-12mLB.obs2": {"median": 1.8692078496247144, "sigd": 0.001254659316536344, "sigup": 0.0013464220707195551, "best": 1.8683902804553936, "unit": ""}, "fsigma-12mLB.obs3": {"median": 1.8696378068976682, "sigd": 0.0014739719453022992, "sigup": 0.0014265810355653663, "best": 1.8701811553260481, "unit": ""}, "fsigma-12mLB.obs4": {"median": 1.8689459139440383, "sigd": 0.0018066807131416063, "sigup": 0.0016807487559609147, "best": 1.8721797762871792, "unit": ""}, "fsigma-12mLB.obs5": {"median": 1.864489366267295, "sigd": 0.0016132876790637685, "sigup": 0.0014747747123116106, "best": 1.8640877032994028, "unit": ""}, "fsigma-12mLB.obs6": {"median": 1.865342692300957, "sigd": 0.0013152683812740484, "sigup": 0.001660990093127257, "best": 1.8656657228204896, "unit": ""}, "fsigma-12mLB.obs7": {"median": 1.8701456108445786, "sigd": 0.0013664879043306932, "sigup": 0.0014743524449845058, "best": 1.8718017616298912, "unit": ""}, "fsigma-12mLB.obs8": {"median": 1.867125319259934, "sigd": 0.0014909098968243217, "sigup": 0.001428190227165782, "best": 1.8675190103384758, "unit": ""}, "fsigma-12mLB.obs9": {"median": 1.868334361139906, "sigd": 0.0013102791487795695, "sigup": 0.0015413110165252153, "best": 1.867252939689018, "unit": ""}, "fsigma-12mSB.obs1": {"median": 1.87082380538364, "sigd": 0.002879268365571841, "sigup": 0.0026417719987166244, "best": 1.8695463241558592, "unit": ""}, "fsigma-12mSB.obs2": {"median": 1.866349547155847, "sigd": 0.0023590711756149574, "sigup": 0.003681287608821915, "best": 1.8656664831999388, "unit": ""}, "fflux-12mLB.obs2": {"median": 1.1323317968278963, "sigd": 0.029667023635167933, "sigup": 0.029713026588502833, "best": 1.1810096617328842, "unit": ""}, "fflux-12mLB.obs3": {"median": 0.9368738476217061, "sigd": 0.031702245957696995, "sigup": 0.025510304534946848, "best": 0.9391707855505832, "unit": ""}, "fflux-12mLB.obs4": {"median": 0.9945237062548351, "sigd": 0.033769035388671154, "sigup": 0.02918794987095019, "best": 1.0134975540818911, "unit": ""}, "fflux-12mLB.obs5": {"median": 1.0061840972835443, "sigd": 0.028198034349055656, "sigup": 0.02713245227887051, "best": 1.0089148730156858, "unit": ""}, "fflux-12mLB.obs6": {"median": 1.011409751901654, "sigd": 0.021509422881643814, "sigup": 0.025904473770300918, "best": 1.0009734947631703, "unit": ""}, "fflux-12mLB.obs7": {"median": 1.0109247506556631, "sigd": 0.027681754483097953, "sigup": 0.03135187198294309, "best": 1.0337535313455513, "unit": ""}, "fflux-12mLB.obs8": {"median": 1.0930828257329588, "sigd": 0.032212942442624515, "sigup": 0.050008454789966184, "best": 1.1083346461301473, "unit": ""}, "fflux-12mLB.obs9": {"median": 1.0366126941363492, "sigd": 0.027789281319343884, "sigup": 0.031048668940617974, "best": 1.0324133989056536, "unit": ""}, "fflux-12mSB.obs1": {"median": 1.0788655567527974, "sigd": 0.022602556189732947, "sigup": 0.018510580036895652, "best": 1.0757975483202418, "unit": ""}, "fflux-12mSB.obs2": {"median": 1.0514340405892835, "sigd": 0.022662938050413528, "sigup": 0.02149339849026788, "best": 1.0740869878393366, "unit": ""}}