{"Mdust": {"median": 0.20718627423344593, "sigd": 0.005848168748932708, "sigup": 0.0066792456046608495, "best": 0.202698542048628, "unit": "Mearth"}, "rc": {"median": 76.25655574663415, "sigd": 0.3856578118641494, "sigup": 0.4078364276646482, "best": 76.11955792209588, "unit": "au"}, "Deltar": {"median": 18.3495337006878, "sigd": 1.2468875115855802, "sigup": 1.2007541432530004, "best": 18.441948590970902, "unit": "au"}, "A": {"median": 0.12299679821097778, "sigd": 0.011925681084122064, "sigup": 0.014764508751789446, "best": 0.11252519140083594, "unit": ""}, "phi0": {"median": 2.993625126667792, "sigd": 0.12360984670147257, "sigup": 0.11818409183930711, "best": 2.916289390709558, "unit": "rad"}, "i": {"median": 44.05281791914402, "sigd": 0.5083815846962025, "sigup": 0.5918679261970965, "best": 43.721198233425596, "unit": "deg"}, "PA": {"median": 58.711547855616224, "sigd": 0.7466687896392727, "sigup": 0.7224420118120278, "best": 59.89178960444046, "unit": "deg"}, "deltaRA-12mLB.obs1": {"median": 0.007687312503871638, "sigd": 0.008671165944329286, "sigup": 0.006956460838445438, "best": 0.014213055945585251, "unit": "arcsec"}, "deltaDec-12mLB.obs1": {"median": 0.014213904637329682, "sigd": 0.006724833372202816, "sigup": 0.007316148575818485, "best": 0.01171618768290588, "unit": "arcsec"}, "deltaRA-12mLB.obs2": {"median": -0.001012448975740014, "sigd": 0.0071840944405803155, "sigup": 0.007429203351098472, "best": -0.009214006323236556, "unit": "arcsec"}, "deltaDec-12mLB.obs2": {"median": 0.005790362904953573, "sigd": 0.006263280304984896, "sigup": 0.00698229545408044, "best": -0.0022508941032517117, "unit": "arcsec"}, "deltaRA-12mLB.obs3": {"median": -0.006924800247717112, "sigd": 0.008079071658431459, "sigup": 0.008812770750219998, "best": -0.00848631032273937, "unit": "arcsec"}, "deltaDec-12mLB.obs3": {"median": 0.0038891384649091315, "sigd": 0.007862772156743728, "sigup": 0.007370614088123705, "best": 0.008080959597209746, "unit": "arcsec"}, "deltaRA-12mLB.obs4": {"median": 0.011563267507534645, "sigd": 0.007009134788843662, "sigup": 0.008465692788928107, "best": 0.011577770619137532, "unit": "arcsec"}, "deltaDec-12mLB.obs4": {"median": 0.01948080225562685, "sigd": 0.007354563632653233, "sigup": 0.008173733656396853, "best": 0.008682702934503888, "unit": "arcsec"}, "deltaRA-12mLB.obs5": {"median": 0.01654939023682196, "sigd": 0.010214854834467081, "sigup": 0.009774536817832281, "best": 0.018070361959260064, "unit": "arcsec"}, "deltaDec-12mLB.obs5": {"median": -0.0008718396319716973, "sigd": 0.009208706645859314, "sigup": 0.00955900317567716, "best": -0.009954632520238427, "unit": "arcsec"}, "deltaRA-12mLB.obs6": {"median": 0.01068383793306869, "sigd": 0.00799211687027996, "sigup": 0.007566290050155685, "best": 0.005207765315562961, "unit": "arcsec"}, "deltaDec-12mLB.obs6": {"median": -0.0007289813757348175, "sigd": 0.00668315831686846, "sigup": 0.006286141443399996, "best": -0.005891873757785576, "unit": "arcsec"}, "deltaRA-12mLB.obs7": {"median": -0.013215515294458021, "sigd": 0.00898551279318132, "sigup": 0.010659587233166287, "best": -0.024089614147188725, "unit": "arcsec"}, "deltaDec-12mLB.obs7": {"median": -0.0006791016455247592, "sigd": 0.00913719300303975, "sigup": 0.008068618061019366, "best": -0.001310173431603002, "unit": "arcsec"}, "deltaRA-12mSB.obs1": {"median": 0.03674438919922202, "sigd": 0.00974554037568379, "sigup": 0.007910026054305956, "best": 0.03714890625120361, "unit": "arcsec"}, "deltaDec-12mSB.obs1": {"median": 0.000421891241612668, "sigd": 0.007335013567148059, "sigup": 0.00785266478190711, "best": -0.002104898820353099, "unit": "arcsec"}, "deltaRA-12mSB.obs2": {"median": 0.016545214316311983, "sigd": 0.008983073531944576, "sigup": 0.00845487136803487, "best": 0.01694058012203212, "unit": "arcsec"}, "deltaDec-12mSB.obs2": {"median": 0.009122391391212896, "sigd": 0.007451462852396999, "sigup": 0.0063186500495718625, "best": 0.009730437205584058, "unit": "arcsec"}, "fsigma-12mLB.obs1": {"median": 1.8617148699426185, "sigd": 0.0010692318475664653, "sigup": 0.001093181606794058, "best": 1.8614733121012004, "unit": ""}, "fsigma-12mLB.obs2": {"median": 1.8637461521746348, "sigd": 0.001094218858420648, "sigup": 0.0010148217958727557, "best": 1.8636845543091682, "unit": ""}, "fsigma-12mLB.obs3": {"median": 1.8655652044425504, "sigd": 0.0009421015862993709, "sigup": 0.0012158856011716956, "best": 1.8654143736917874, "unit": ""}, "fsigma-12mLB.obs4": {"median": 1.8626702675188527, "sigd": 0.0011579459559969418, "sigup": 0.0010597084863843698, "best": 1.862523094299526, "unit": ""}, "fsigma-12mLB.obs5": {"median": 1.8620408521676504, "sigd": 0.001343723688151277, "sigup": 0.001182272852819688, "best": 1.8613134885403386, "unit": ""}, "fsigma-12mLB.obs6": {"median": 1.8641369874231029, "sigd": 0.0012009283392284686, "sigup": 0.0012061168896992935, "best": 1.8646687950906438, "unit": ""}, "fsigma-12mLB.obs7": {"median": 1.8661628586317351, "sigd": 0.0013056047964030704, "sigup": 0.0012153361251101558, "best": 1.8659577579515576, "unit": ""}, "fsigma-12mSB.obs1": {"median": 1.8733645530490426, "sigd": 0.0025548683396956484, "sigup": 0.0026529145513340957, "best": 1.8718031649963733, "unit": ""}, "fsigma-12mSB.obs2": {"median": 1.8721010052371678, "sigd": 0.0024679541099406066, "sigup": 0.00215221634171181, "best": 1.8708340295458998, "unit": ""}, "fflux-12mLB.obs2": {"median": 1.0081733896492855, "sigd": 0.04191193363101198, "sigup": 0.044288625943188276, "best": 0.957801101519763, "unit": ""}, "fflux-12mLB.obs3": {"median": 0.9746062417826933, "sigd": 0.0367446179665839, "sigup": 0.040439563861159655, "best": 0.9397603535091958, "unit": ""}, "fflux-12mLB.obs4": {"median": 1.0201590437251031, "sigd": 0.050157762354005375, "sigup": 0.044523003699940444, "best": 1.0082987905025558, "unit": ""}, "fflux-12mLB.obs5": {"median": 1.0212956102668542, "sigd": 0.05316044016432986, "sigup": 0.04175675825237124, "best": 0.9916556810523364, "unit": ""}, "fflux-12mLB.obs6": {"median": 0.9865281131145717, "sigd": 0.039812547833443235, "sigup": 0.038830259574755055, "best": 0.9727327304402086, "unit": ""}, "fflux-12mLB.obs7": {"median": 1.062071135831564, "sigd": 0.0493437718941756, "sigup": 0.056710003153554345, "best": 1.0501245310523448, "unit": ""}, "fflux-12mSB.obs1": {"median": 1.0014418410717165, "sigd": 0.029442946627699862, "sigup": 0.03231403623458995, "best": 0.9918279163423014, "unit": ""}, "fflux-12mSB.obs2": {"median": 0.9874029056186309, "sigd": 0.02819383279859855, "sigup": 0.03929859901788535, "best": 0.9694992624449822, "unit": ""}}