{"Mdust": {"median": 0.01237997908323379, "sigd": 0.00044948354806614507, "sigup": 0.0004729375379768242, "best": 0.012456717595698188, "unit": "Mearth"}, "rc": {"median": 33.61970822192825, "sigd": 0.19110781628763363, "sigup": 0.13421472636063925, "best": 33.685609114671436, "unit": "au"}, "Deltar": {"median": 13.390359848971103, "sigd": 0.49667451247299255, "sigup": 0.5035701570543019, "best": 13.511553882275608, "unit": "au"}, "h": {"median": 0.015479498446130315, "sigd": 0.003380490747133409, "sigup": 0.002730068898630679, "best": 0.017644653594958266, "unit": ""}, "i": {"median": 88.30389703019586, "sigd": 0.09799068972469627, "sigup": 0.10761400050334657, "best": 88.29764979550266, "unit": "deg"}, "PA": {"median": 128.56045963130023, "sigd": 0.09402220992382126, "sigup": 0.03446544084351899, "best": 128.58118800251654, "unit": "deg"}, "fstar": {"median": 0.2453104747385555, "sigd": 0.013077231178936721, "sigup": 0.01510407003030112, "best": 0.24494899773293977, "unit": "mJy"}, "deltaRA-12mLB.obs1": {"median": 0.03232927872080092, "sigd": 0.01447293043989023, "sigup": 0.015268945954431207, "best": 0.026896760415786133, "unit": "arcsec"}, "deltaDec-12mLB.obs1": {"median": 0.006334078644916174, "sigd": 0.012801673957410612, "sigup": 0.012357812723540655, "best": 0.01683789167646487, "unit": "arcsec"}, "deltaRA-12mLB.obs2": {"median": 0.04677937886491869, "sigd": 0.009249573485104648, "sigup": 0.009077196818996693, "best": 0.05119153231412808, "unit": "arcsec"}, "deltaDec-12mLB.obs2": {"median": -0.031886624007301745, "sigd": 0.006833163287364885, "sigup": 0.007224797104974222, "best": -0.03396063171074567, "unit": "arcsec"}, "deltaRA-12mSB.obs1": {"median": 0.015814363087340397, "sigd": 0.01214050651764575, "sigup": 0.013022001350563518, "best": 0.020066975081796022, "unit": "arcsec"}, "deltaDec-12mSB.obs1": {"median": -0.0043190025131227975, "sigd": 0.009233314220485931, "sigup": 0.009786920597954408, "best": -0.007007977705221607, "unit": "arcsec"}, "fsigma-12mLB.obs1": {"median": 1.143959668747882, "sigd": 0.0025876886569387025, "sigup": 0.0023575103931205987, "best": 1.1444130610813628, "unit": ""}, "fsigma-12mLB.obs2": {"median": 1.1378325160472573, "sigd": 0.0023323123881009433, "sigup": 0.0023005292444444603, "best": 1.1390226874103182, "unit": ""}, "fsigma-12mSB.obs1": {"median": 33.26061695569213, "sigd": 0.07104349978896352, "sigup": 0.07254773120312308, "best": 33.2819287354913, "unit": ""}, "fflux-12mLB.obs2": {"median": 0.8784459899034789, "sigd": 0.031147069434572017, "sigup": 0.03079995405392999, "best": 0.8676758592209793, "unit": ""}, "fflux-12mSB.obs1": {"median": 0.8625039434358063, "sigd": 0.03191350182090624, "sigup": 0.03024367641283221, "best": 0.8566692190346112, "unit": ""}}