{"Mdust": {"median": 0.15588893851472418, "sigd": 0.00958054247567014, "sigup": 0.009883257454534417, "best": 0.15544414817905686, "unit": "Mearth"}, "rc": {"median": 191.94984496651654, "sigd": 2.7581246935236265, "sigup": 2.4647235301582953, "best": 193.22258863430383, "unit": "au"}, "Deltar": {"median": 65.73082255057729, "sigd": 3.885750259750509, "sigup": 3.756583476041783, "best": 65.29742385583785, "unit": "au"}, "i": {"median": 32.91877253001909, "sigd": 1.903246436596806, "sigup": 1.8014027976557259, "best": 34.15802223052844, "unit": "deg"}, "PA": {"median": 113.04491560685054, "sigd": 2.6810672984052104, "sigup": 3.1388171191063634, "best": 114.78878951491119, "unit": "deg"}, "fstar": {"median": 0.08389047051721434, "sigd": 0.021466672302821822, "sigup": 0.02145640475889249, "best": 0.09768201285385787, "unit": "mJy"}, "deltaRA-12m.obs1": {"median": -0.0768431508310994, "sigd": 0.0399960847806238, "sigup": 0.039335150449741285, "best": -0.06304092661246583, "unit": "arcsec"}, "deltaDec-12m.obs1": {"median": 0.025571508181554136, "sigd": 0.035431663089995444, "sigup": 0.034305899716672805, "best": 0.04031535166429838, "unit": "arcsec"}, "deltaRA-12m.obs2": {"median": 0.06012676733411994, "sigd": 0.06949648410951514, "sigup": 0.07518497377999071, "best": 0.038766331988331335, "unit": "arcsec"}, "deltaDec-12m.obs2": {"median": -0.05881630109543935, "sigd": 0.058408064837692175, "sigup": 0.050987421738590596, "best": -0.04784030830511521, "unit": "arcsec"}, "deltaRA-ACA.obs1": {"median": -0.044916900197889825, "sigd": 0.20921791707229434, "sigup": 0.20529942961295, "best": -0.06569177444790222, "unit": "arcsec"}, "deltaDec-ACA.obs1": {"median": -0.1390401813317008, "sigd": 0.1279348481982713, "sigup": 0.125898878963928, "best": -0.11470898533447565, "unit": "arcsec"}, "deltaRA-ACA.obs2": {"median": 0.4068919514495849, "sigd": 0.15306036203493867, "sigup": 0.150765338682741, "best": 0.3797089170619561, "unit": "arcsec"}, "deltaDec-ACA.obs2": {"median": -0.045404789987289806, "sigd": 0.10516739874688025, "sigup": 0.10363602366372134, "best": -0.08353554763088884, "unit": "arcsec"}, "deltaRA-ACA.obs3": {"median": -0.189293386070465, "sigd": 0.15338116966925938, "sigup": 0.14665935058437443, "best": -0.12710941735137807, "unit": "arcsec"}, "deltaDec-ACA.obs3": {"median": 0.09676791752078416, "sigd": 0.1093496859845573, "sigup": 0.10708497633554918, "best": 0.051660826202991755, "unit": "arcsec"}, "fsigma-12m.obs1": {"median": 1.8611833099529367, "sigd": 0.002757907496873546, "sigup": 0.0026237300337172975, "best": 1.862106125838852, "unit": ""}, "fsigma-12m.obs2": {"median": 1.8634753418434857, "sigd": 0.003038324641879475, "sigup": 0.003021180460588635, "best": 1.863230023558622, "unit": ""}, "fsigma-ACA.obs1": {"median": 1.6838859552886127, "sigd": 0.007813845662352437, "sigup": 0.007592713040754928, "best": 1.6779234724351866, "unit": ""}, "fsigma-ACA.obs2": {"median": 1.666083741522832, "sigd": 0.007806896312249512, "sigup": 0.007716681612219167, "best": 1.6589626646883338, "unit": ""}, "fsigma-ACA.obs3": {"median": 1.6686217756602804, "sigd": 0.007637560553463096, "sigup": 0.007677447746160748, "best": 1.6639961289417646, "unit": ""}, "fflux-12m.obs2": {"median": 1.0485055794722025, "sigd": 0.0861021515923528, "sigup": 0.09863828276361875, "best": 0.9808494172884544, "unit": ""}, "fflux-ACA.obs1": {"median": 0.8474180290146626, "sigd": 0.073464742394581, "sigup": 0.0846355423131161, "best": 0.8569819110608347, "unit": ""}, "fflux-ACA.obs2": {"median": 0.7298376479942864, "sigd": 0.05752542908111291, "sigup": 0.06281406285726354, "best": 0.7553275989547528, "unit": ""}, "fflux-ACA.obs3": {"median": 0.7881921390812368, "sigd": 0.060832245212763425, "sigup": 0.06667864678535895, "best": 0.8051884786866544, "unit": ""}}